structure_group_id_v1,deterministic_representative_molecule_id,selection_rule,strict_representative_eligible,role_consistent,geometry_fully_resolved,sidecar_consistent,meaningful_target_disagreement_count
000056b2a954d209520830a9d6dafa4b94e6b8cfae89cdff33b125cc945ebda0,D41_A28,"lowest numeric (donor_number, acceptor_number)",False,True,True,True,7
004806c34d49a74c57db7b08ce52a6bf00b12bba59575671611280b41f065d23,D52_A172,"lowest numeric (donor_number, acceptor_number)",False,False,True,True,11
013e9de0be4c2764525799a8bfb123c58f3d5865e3089248cfe3599a6bbadb8f,D96_A13,"lowest numeric (donor_number, acceptor_number)",False,True,True,True,11
01637edca597f7b58c3d8c390f5d09fb933dfca64c12a014c47953e9bb924e02,D41_A355,"lowest numeric (donor_number, acceptor_number)",False,True,True,True,16
01e52254fee79dff8fda2269c4ed1ddc17a6c2222a5ab76d970bc5cd42d741bc,D157_A23,"lowest numeric (donor_number, acceptor_number)",False,False,True,True,0
0206c18ddadcc03e1b436a95867f980987247add48e35c519219a782c5146140,D41_A8,"lowest numeric (donor_number, acceptor_number)",False,True,True,True,7
0236a889890742ca11fa0f61ba32507b9ceff245752ad1180c4eacc34db6bd77,D52_A367,"lowest numeric (donor_number, acceptor_number)",False,False,True,True,6
0412b0ca45bbadb4bcd1fc9187dc3faee5835c7669fe4876a2203bd63e414592,D41_A163,"lowest numeric (donor_number, acceptor_number)",False,True,True,True,16
05055b17f3ecbdf6b0324e78231f4a23b62b3821a9b5d4e5482c11f4679f7e9f,D17_A185,"lowest numeric (donor_number, acceptor_number)",False,False,True,True,3
0833350b3acb7f4b8a953c748a2b7cb0114b946f175daae5240081e7b5cab8a1,D167_A13,"lowest numeric (donor_number, acceptor_number)",False,True,True,True,13
08a9871ecb9ab0124b5ffc8d828ad232303f3cf2430ef8382d06bd5ac2e67e35,D18_A185,"lowest numeric (donor_number, acceptor_number)",False,False,True,True,12
098ee010724bf4f662fefaa2d8cb69eca4f04a5319a7f50478471dcc19594003,D19_A182,"lowest numeric (donor_number, acceptor_number)",False,False,True,True,0
0a584dbff7630d94ec0275983bd86f95dda6dc279cca0c553973565c098d641f,D139_A13,"lowest numeric (donor_number, acceptor_number)",False,True,True,True,15
0b0f61a8598816c1b3964b8138ef9b456b5579b0c921ee1900dfc5f1426962ca,D39_A13,"lowest numeric (donor_number, acceptor_number)",False,True,True,True,8
0bcc7093ef4b5af716a5c073d13473a62088bf33f6b3041c5997cc00e2314dfb,D41_A175,"lowest numeric (donor_number, acceptor_number)",False,True,True,True,14
0dd9a508b07c4942bfd2331b0394900063ef04aa15142fcf4024671e2d8b5ef4,D18_A182,"lowest numeric (donor_number, acceptor_number)",False,False,True,True,0
0eca777ff5914487048701d83fa8ceaab1ad4592ac7dd9975c50a38d837e5d9d,D25_A185,"lowest numeric (donor_number, acceptor_number)",False,False,True,True,0
0f48900e8b76c68a102619582e2fe0eeeaabe8bb8cf8eb1e0335b76a601ef321,D31_A274,"lowest numeric (donor_number, acceptor_number)",False,True,True,True,12
10b831fe63a7812e19392d8aacb3ff1368d708d83947880f1675a3d4dc65204a,D52_A183,"lowest numeric (donor_number, acceptor_number)",False,False,True,True,16
10db5efceb392de2f098bedcf15363f655d1142ac63b47602e575808ffea7622,D54_A185,"lowest numeric (donor_number, acceptor_number)",False,False,True,True,12
116e2bd501b6eab956d9ffb8ed2a27e700be54152df9b28fe02569d44faacabd,D52_A279,"lowest numeric (donor_number, acceptor_number)",False,False,True,True,16
138f94f006948dc15f5c776645f39c0211231141f13890063a82a05ea13b7028,D48_A274,"lowest numeric (donor_number, acceptor_number)",False,True,True,True,15
13c1953fadbf4b128c193b8256bed65568f7d0cea67cba7e3d11496f880e4df8,D158_A23,"lowest numeric (donor_number, acceptor_number)",False,False,True,True,0
13c1f2b74e3b5cda4deb1a47c796e43516e506d187c4b9f4d3cb8ac6e542a40b,D27_A185,"lowest numeric (donor_number, acceptor_number)",False,False,True,True,0
1420049dace7211eb83ba5907fe622178f7b54c1790a0c7c2af31f8ad960ab26,D135_A182,"lowest numeric (donor_number, acceptor_number)",False,False,True,True,16
14b1b4706503970c4b7ed0dddcef5f339acb6eaa65b82ea905fa4b091c652115,D52_A140,"lowest numeric (donor_number, acceptor_number)",False,False,True,True,16
15d957ebdf722de59c0c8e4e563640d0816af7c4b4b1f2bee86f48605e829bf5,D52_A189,"lowest numeric (donor_number, acceptor_number)",False,False,True,True,15
16581324475eeded485a94c83c88138016be702d81b41182862d31147d077531,D170_A185,"lowest numeric (donor_number, acceptor_number)",False,False,True,True,5
16f3d1b1aa321c6011a78f7296eaa9b58c95cdd02adc66c0b809195e7149b1fc,D121_A23,"lowest numeric (donor_number, acceptor_number)",False,False,True,True,6
182b871a067563e1366a23da9ee92962f5171163b281c8d859c689ec3ac15326,D92_A23,"lowest numeric (donor_number, acceptor_number)",False,False,True,True,2
1970969622588e07e9bdf6065ad9460895f2b172abdeb27e821688f232b6b792,D41_A373,"lowest numeric (donor_number, acceptor_number)",False,True,True,True,1
19870f76593f07dbc2c4206080e9fb78da295e2cad2e55cb2c75e58736282ebb,D63_A13,"lowest numeric (donor_number, acceptor_number)",False,True,True,True,11
1a4242cff361bc778f05fcaa39b3f9d4b9e05fe08c65f17759fbab84f9476853,D41_A280,"lowest numeric (donor_number, acceptor_number)",False,True,True,True,8
1a4a82aad85e121fbc545bec3d01e7cf4253f892a435ccc509f09b1c64be0d9a,D12_A185,"lowest numeric (donor_number, acceptor_number)",False,False,True,True,3
1b5bb77616cea3fd3dcc98539351621aa3f5e00050c305e53b355476a70deac6,D52_A17,"lowest numeric (donor_number, acceptor_number)",False,False,True,True,11
1b647e7017b7ac0a1fd0620be81fa9c6df46dab57d638fb271b0a9e52c2d20dd,D146_A13,"lowest numeric (donor_number, acceptor_number)",False,True,True,True,12
1ba604c5fc4f500a5fed53310e9f20a9d3c3a778edc3492e60d1e60a39f2e932,D41_A16,"lowest numeric (donor_number, acceptor_number)",False,True,True,True,7
1cdc85d966ad429cacf5272d77ce9194a82f69f5e6a75303b23da54fb5965f19,D52_A368,"lowest numeric (donor_number, acceptor_number)",False,False,True,True,9
1e110dbcb49a616b207025d1260bd91c731386840b2b30f0da27e825a25bdded,D52_A365,"lowest numeric (donor_number, acceptor_number)",False,False,True,True,11
1e72c3eb23ea6d0b04cdbce6548968641bebf4674ecc617b3e4be0956841a9e0,D52_A259,"lowest numeric (donor_number, acceptor_number)",False,False,True,True,16
1ef2853a81442a34bf334ae986013da3d987ccc88d04f98d17b8a0a610f68b8c,D55_A185,"lowest numeric (donor_number, acceptor_number)",False,False,True,True,7
1f5da7b682a6ea6cf9a6006dcbf9ca516fc7ff32e3b7f97f67c1ae87f7953d34,D41_A25,"lowest numeric (donor_number, acceptor_number)",False,True,True,True,11
1f8897f1f85f8594bf925ed1cc14941f6e525e946dd2be957ba80923097ae6ae,D30_A182,"lowest numeric (donor_number, acceptor_number)",False,False,True,True,12
214fdce902d34b70b9fe1bee32652b18255257d862faa7248816f46d48cd9497,D119_A23,"lowest numeric (donor_number, acceptor_number)",False,False,True,True,2
21c9dd74de0ae4f7b833f43955b1f5f3b503d5e4b7e83345e09c514b9737bfb4,D37_A182,"lowest numeric (donor_number, acceptor_number)",False,False,True,True,15
2238fc4b82609500db28e6b3cbb07551af4ad7bd97e9910bafaa719bc9e6fe7f,D29_A185,"lowest numeric (donor_number, acceptor_number)",False,False,True,True,14
24441f51971564d9187eb5549cc59ecf361dfb18974c65b6564da96f789b04a8,D135_A13,"lowest numeric (donor_number, acceptor_number)",False,True,True,True,9
24768b7ac86674ef4f5536fd63df9c99bbaf83f0140ac832bc69188f6c5a9d64,D123_A23,"lowest numeric (donor_number, acceptor_number)",False,False,True,True,14
24ea6b920874def873fec4692f60ce8c789d491bdfc3bfbba1bd6fd0659f1508,D52_A6,"lowest numeric (donor_number, acceptor_number)",False,False,True,True,9
2511d439a5893069d4710f26e174f490e73e50ef038d39aed78c5a67b6bcd0ca,D140_A13,"lowest numeric (donor_number, acceptor_number)",False,True,True,True,14
25a174e9476e42dc7ef0891e0c07826e892271bb89fa543dc01f8fabf399d255,D52_A5,"lowest numeric (donor_number, acceptor_number)",False,False,True,True,14
27c856c71093589440e465eccdbe0fb105239ed5c1c839afcad66640212da066,D52_A341,"lowest numeric (donor_number, acceptor_number)",False,False,True,True,3
28a9227d4e8acf492ebaaf98efb8f0062517d1b976a8831fc5e669992b15c396,D41_A341,"lowest numeric (donor_number, acceptor_number)",False,True,True,True,4
29a2ecfcdfd9cdf3c66166f3dd98b04e1cfa53d3aebb832bb75e2cf9bcce9e63,D32_A185,"lowest numeric (donor_number, acceptor_number)",False,False,True,True,10
2a029f417cdba64eee1572b58a51805240cb5cbf09505824283bdd14ce16e8c9,D153_A185,"lowest numeric (donor_number, acceptor_number)",False,False,True,True,11
2a9ca455e456caf3d7b5c3a8e88a038d99719927a0c9d83f74b42bea3d7a96b2,D92_A13,"lowest numeric (donor_number, acceptor_number)",True,True,True,True,0
2b249cc51c79a874be8e408b2a2a277199082987be38de3543c4fb938a520e61,D1_A182,"lowest numeric (donor_number, acceptor_number)",False,False,True,True,1
2b3eadaf164a6f93c40ae979cbf4db8d63d23329ceabf783b473e713e704505c,D5_A182,"lowest numeric (donor_number, acceptor_number)",False,False,True,True,0
2b6378e1bb445e5c4d59de1800463943f821a0dc990d7a19fe6d95d1ee752eb4,D41_A23,"lowest numeric (donor_number, acceptor_number)",False,False,True,True,8
2bbbe4b1381215e8bc54604370cf7b027f37eaaed3df16d57038f7e4b013a9ae,D95_A23,"lowest numeric (donor_number, acceptor_number)",False,False,True,True,8
2c4a5daff8bc2c0fe1a54ef2b48cda03ada833049105f6aa340752148ded609a,D86_A23,"lowest numeric (donor_number, acceptor_number)",False,False,True,True,4
2c66308888e92641c45fa59fa3cb7c651985d0c159b56436185187374f72d6f1,D144_A23,"lowest numeric (donor_number, acceptor_number)",False,False,True,True,0
2d0b17964d37a95de0e198cf215a21d51575ed257089accf4a35b47097c4bfe7,D11_A274,"lowest numeric (donor_number, acceptor_number)",False,True,True,True,12
2d27dacfc5bce6c1c7d21639039cd0c78d117b0287346517548e2ca4830018e3,D126_A23,"lowest numeric (donor_number, acceptor_number)",False,False,True,True,8
2e762c04cd9a597a6ecfe4038f0b446add9c6bf54e387682ec5f58cfb153efda,D119_A182,"lowest numeric (donor_number, acceptor_number)",False,False,True,True,20
2f36405c687100526fe01a9bef393f7ac8817c30aac1d5de6613dda2364bda68,D52_A147,"lowest numeric (donor_number, acceptor_number)",False,False,True,True,11
2f73ed554a0fc5ee47014efb984ba09fc7ccc173a02c64a2b54e5fbfe63332e5,D159_A185,"lowest numeric (donor_number, acceptor_number)",False,False,True,True,19
2f87d80036d7c320a31ce4fee797333e69c0bd1e29b27ff190077750a6ac7876,D41_A375,"lowest numeric (donor_number, acceptor_number)",False,True,True,True,3
2fa674bf323947c3df8d760f767a4ea6ba7ec199251c1559b9e8f8305e9cdb19,D11_A185,"lowest numeric (donor_number, acceptor_number)",False,False,True,True,0
31f11c6c43187e4aeedb788d312fbce9c3af37f8304fe6f64ae236589a6da618,D52_A141,"lowest numeric (donor_number, acceptor_number)",False,False,True,True,10
322c37f2a651a6ff683db6ce91bbbde351877bd0f91fe7a6eab4d217ab40a59e,D47_A23,"lowest numeric (donor_number, acceptor_number)",False,False,True,True,2
329c7bda034f0cf7744dea55471d788c7dd05f18620c784d8eb32b6b79403ed3,D13_A274,"lowest numeric (donor_number, acceptor_number)",False,True,True,True,6
3484fd9a4c73f30e360f526eb3118976a34c24147c8e574008fb648be159e472,D78_A13,"lowest numeric (donor_number, acceptor_number)",False,True,True,True,12
349c4bdb36afc3f8b1ac11a835c5e9142023a7842bf351b2d8324b92b17cb9f6,D29_A182,"lowest numeric (donor_number, acceptor_number)",False,False,True,True,13
356e208d8907f93ba3aa77d906b0a563b966ef48d03c7e6b2b1f237cce656eba,D52_A171,"lowest numeric (donor_number, acceptor_number)",False,False,True,True,16
360a41034227ee9aa9e4ec43514f5beaaabc204b314002c443dac0e4bd49bf19,D164_A13,"lowest numeric (donor_number, acceptor_number)",False,True,True,True,2
36b415584ad3799e472716ea4ee76ca981be7334171a212c8091f3943318e10f,D41_A141,"lowest numeric (donor_number, acceptor_number)",False,True,True,True,17
36c45d958796756afe7224df3341bc0545202fc69a98e5a338caea385c7f1f34,D41_A20,"lowest numeric (donor_number, acceptor_number)",False,True,True,True,12
36cb918fe2bb55aaf4ab33fe5d24d487297d0aa2471458f4b7ec7c9e84f48408,D41_A379,"lowest numeric (donor_number, acceptor_number)",False,True,True,True,10
36e8476416ae26c03a071eb4880f9aa8863ddb1f2efecaf172ca89dd8554f210,D41_A350,"lowest numeric (donor_number, acceptor_number)",False,True,True,True,6
37b9b103c3dad7b676ab8319c7100f2cbc834f8ddaf797073f196d7371c3d41f,D19_A185,"lowest numeric (donor_number, acceptor_number)",False,False,True,True,0
37cb05664518bfa205835b88ff85480f922c9a5a4364533ddd795346c1023785,D52_A165,"lowest numeric (donor_number, acceptor_number)",False,False,True,True,14
37e57362067a7b59aa1baadb0d51e518c36bdee75d603560938939bd9fcdbc3f,D58_A23,"lowest numeric (donor_number, acceptor_number)",False,False,True,True,6
3861a85019c882a1ba9d526ab5c6715b1fa0fcf35be6dc9aa350ea8a0242ad94,D43_A23,"lowest numeric (donor_number, acceptor_number)",False,False,True,True,6
39a24d9c1cdf391e573de692df1fce36256b988c727a96ec2b270cfa4e77778d,D52_A188,"lowest numeric (donor_number, acceptor_number)",False,False,True,True,11
3abce04b453cb1c7bab7864d628bd2260bac65adff29d359660ed36fad902fe1,D152_A185,"lowest numeric (donor_number, acceptor_number)",False,False,True,True,6
3ae738d22e774436a94a818422d2f3e7cc9e1015733488eb4d80bc3d7806c45d,D41_A6,"lowest numeric (donor_number, acceptor_number)",False,True,True,True,4
3b2b8e4b3cebb3249766e90dd9c4c1bb0e916db94e8ea7efadc35eb53ea82f11,D97_A23,"lowest numeric (donor_number, acceptor_number)",False,False,True,True,12
3be16584902261bacadedf0da89c3f5e3bdc883a193e93bfcb3f10c3cbe5a0f3,D52_A332,"lowest numeric (donor_number, acceptor_number)",False,False,True,True,13
3be9018278cca99278893928a2f1a9b2b663cf896021c7e119e9c1f487a9af0d,D89_A13,"lowest numeric (donor_number, acceptor_number)",False,True,True,True,1
3beb07bb7bd4f3ccaf23db093bec8fd2305925178ea20834b465f551cc606146,D41_A230,"lowest numeric (donor_number, acceptor_number)",False,True,True,True,20
3c6d19271690ba2b143f1004f735315b1ac6420675c158db0f1c293fe1cbf04b,D66_A13,"lowest numeric (donor_number, acceptor_number)",False,True,True,True,5
3c835a86d874a224c230b15c1fe2be5c442956683f1aff8a3a4d2e358d29fae2,D61_A182,"lowest numeric (donor_number, acceptor_number)",False,False,True,True,20
3d4cfd4b79c1c0204d63f3437ae267e52e2d6f0eb30e75ece4cf7b97f1e2543a,D15_A274,"lowest numeric (donor_number, acceptor_number)",False,True,True,True,10
3e898edbcec5e958a96689c859429181eb71f1328d050d3dcbf46fc06fde1677,D23_A182,"lowest numeric (donor_number, acceptor_number)",False,False,True,True,0
3e92da07fe6d4c16be7e22b5b6299490f9169fdbb0736674ece26762e3fd7cd6,D52_A328,"lowest numeric (donor_number, acceptor_number)",False,False,True,True,12
3ee0e44297e66c0ecc2ebad975b6337473e88adad9d2c1bd9f06a79039e631ae,D41_A170,"lowest numeric (donor_number, acceptor_number)",False,True,True,True,7
3f9e34ba0329b331da2e1eec379aea8a6086e52d53a2a1b7030d00b984f79a3e,D52_A181,"lowest numeric (donor_number, acceptor_number)",False,False,True,True,15
3fa8311564030138800de7529c76f4df6e293cdd3917ad274bf99ccdffed43bc,D41_A227,"lowest numeric (donor_number, acceptor_number)",False,True,True,True,12
3fd7bc8e7fcbaf3780b88418b2978ac4613d36e157367abbe7b067bcf0feb8be,D33_A274,"lowest numeric (donor_number, acceptor_number)",False,True,True,True,11
3ffafb702ecc181c27ee98ce25f956c1cdd840ce5eb82c014f5ead0256443f32,D93_A13,"lowest numeric (donor_number, acceptor_number)",False,True,True,True,9
403a7e233335b481aba02bfdeeaef08a8dddfca548de41d96886ff184a8e3a6c,D52_A275,"lowest numeric (donor_number, acceptor_number)",False,False,True,True,20
42b26fe0db6195bb17aa940e69f4ea89c03e1cbcb960e63b05ee15cf5f60bc22,D52_A36,"lowest numeric (donor_number, acceptor_number)",False,False,True,True,19
44e856fe7c11b1bb19910fb24eb3bcdd22d681356857dd2112a49d980a5f7e64,D96_A23,"lowest numeric (donor_number, acceptor_number)",False,False,True,True,0
4634928d6175524f4c577fab8e4e198e86436013716b0130030fe84aeca7056f,D70_A13,"lowest numeric (donor_number, acceptor_number)",False,True,True,True,5
46c4add09f91ed88ad4c564c1c5621573563186fd9484e86bc8408979d729459,D133_A23,"lowest numeric (donor_number, acceptor_number)",False,False,True,True,13
46f89cf9e5d7286f6757578ca4094dc11b1f21b55cc60af587bb5923777e7e95,D130_A13,"lowest numeric (donor_number, acceptor_number)",False,True,True,True,20
4796f87fa2fea1aba6e946632794c776e3b3d6f015a443bc47d7f904e2ac9230,D46_A182,"lowest numeric (donor_number, acceptor_number)",False,False,True,True,13
47c60cb8b6b100db1ba56ddbcf29272a933b022cb7a1f670d21e40643647c0bc,D145_A13,"lowest numeric (donor_number, acceptor_number)",True,True,True,True,0
493aedf60288a226e1fe74e6c279766cafdb02a60466d92b226a51cefced39ad,D52_A361,"lowest numeric (donor_number, acceptor_number)",False,False,True,True,13
49aad3d857d3d2f0017feb6d6045f6e3829249bf3c032a90b8178b4375a8afd5,D98_A13,"lowest numeric (donor_number, acceptor_number)",False,True,True,True,7
49eaa554883e96cc04dce48bade53120a9616b0c3bec19a5ca7f290dfd74d92e,D41_A336,"lowest numeric (donor_number, acceptor_number)",False,True,True,True,12
4ace455c3e5643958c0067b0f25673c6e994b99ac93ceb88067a20e1f91a03a7,D43_A185,"lowest numeric (donor_number, acceptor_number)",False,False,True,True,11
4b705d111de8dd0e9b0add776f7aa23e334f64d17042b2e61106efefc1d54164,D41_A358,"lowest numeric (donor_number, acceptor_number)",False,True,True,True,12
4c747a26d53680f658fcf1cf46bfad69c2b83e64ec6164d447da18c97094215e,D52_A314,"lowest numeric (donor_number, acceptor_number)",False,False,True,True,12
4f4d14741a33140895ad6c3761f006904b6f8a80b7353c28f3265c8c929dd645,D134_A13,"lowest numeric (donor_number, acceptor_number)",False,True,True,True,5
4f6c7c374d0504518d763f33ed300434a0f3879975d22b7f35f651fe00b3b8ba,D45_A182,"lowest numeric (donor_number, acceptor_number)",False,False,True,True,8
501e990180e8c5c55f7ae17faa2448a39c934e49003df6eed49196087b826fe9,D4_A182,"lowest numeric (donor_number, acceptor_number)",False,False,True,True,2
5118638739ad992d9019e5c5639680038f9059dfc565ae55cb93f4a6ea4f64ef,D88_A13,"lowest numeric (donor_number, acceptor_number)",False,True,True,True,1
51bdd12e0f6cfeb664efbc155a636dae777686dc3f370cdbdfc4daa314aa6e20,D64_A13,"lowest numeric (donor_number, acceptor_number)",False,True,True,True,10
523946ce380b3752744fec5f456b4ccaad33e865a351368add943d28e8a8b2ee,D76_A23,"lowest numeric (donor_number, acceptor_number)",False,False,True,True,8
526e28e6c2ebdcaf904f3c7b1ebdf4d7fc3b8f0c5e84eecf93a596123053fa8a,D57_A23,"lowest numeric (donor_number, acceptor_number)",False,False,True,True,12
537915073812859eec3804c661e8735621baccb3030aa307e2a7dbac58c934c3,D83_A185,"lowest numeric (donor_number, acceptor_number)",False,False,True,True,0
53c3377a02c973daaf3fad83069666abcaa5af1f7fa68fb5d7b0209d21f90d3e,D4_A274,"lowest numeric (donor_number, acceptor_number)",False,True,True,True,11
5440d626cbdb7ef7201b3f18861a8061e69d8c2e7fff3c98056753bad2a7901d,D41_A173,"lowest numeric (donor_number, acceptor_number)",False,True,True,True,13
54ecc09766a7f0839e8316554ec853666728895ac5bb3df7eab4c3f3918ff3cb,D52_A276,"lowest numeric (donor_number, acceptor_number)",False,False,True,True,16
55f3df47c2b0d246a9fc481f8b86344a011b2a01d3c19249cd2a577115156683,D52_A178,"lowest numeric (donor_number, acceptor_number)",False,False,True,True,16
57a62c8a026484d63802946582ce4647dce32725c3274959fe5ea54afe0ae2da,D10_A182,"lowest numeric (donor_number, acceptor_number)",False,False,True,True,0
59067e59b579308e8b84140a7fcd8b53e49035664170cec4ce599aa38758e0b7,D8_A274,"lowest numeric (donor_number, acceptor_number)",False,True,True,True,2
5b5e4ac34ade00ecc0603ed756f3556737a19d6d29ac599a7f6fc58515deb81e,D7_A185,"lowest numeric (donor_number, acceptor_number)",False,False,True,True,0
5cb1c7aa9073e7ae3f27499eaf6f3503872c0c81c26264b1335d20138f844996,D93_A23,"lowest numeric (donor_number, acceptor_number)",False,False,True,True,0
5d4465062358a26199db296ea365514ca524ed34b01d706b0db5bdd64be63c22,D133_A13,"lowest numeric (donor_number, acceptor_number)",False,True,True,True,10
5e168dc379c581a89bada3e13e179a6a816a948125188e51659d58619b95a900,D52_A363,"lowest numeric (donor_number, acceptor_number)",False,False,True,True,6
5ec3aa6184e1732a5468fb3f6de5e8f2b8b1b9dd910c1a55293a34bad7318a33,D91_A23,"lowest numeric (donor_number, acceptor_number)",False,False,True,True,9
5f7f36c77b949a3c76b09c76c033f205e90c5b45f66549cc8ed77144f59e97d6,D156_A23,"lowest numeric (donor_number, acceptor_number)",False,False,True,True,0
5fed2b36a80cd8a89c5ae79350d4dc14708f2341d25c774882955775c9a70af8,D56_A13,"lowest numeric (donor_number, acceptor_number)",False,True,True,True,8
60875a619d75f5c2fed9dcc7faeb2162f3e7d25c8b0b070ff88cf68fc1142052,D41_A228,"lowest numeric (donor_number, acceptor_number)",False,True,True,True,13
60aab95571d26995815068b526fdd1b773181d080b6cfe98442a887b717adb2d,D55_A23,"lowest numeric (donor_number, acceptor_number)",False,False,True,True,17
61212d8414798eb960b628122072fa835c2a0cf1dae6b276a6e05ac7b5c0c5a5,D52_A9,"lowest numeric (donor_number, acceptor_number)",False,False,True,True,10
61a28675c78478b153a65198b2ae0f7aa882260b2e3c72747a89d4ea368c9831,D52_A34,"lowest numeric (donor_number, acceptor_number)",False,False,True,True,10
61a683297a30438dc10d1aac17c0b46ffdf76024207c7cb95d3ecd58d5e354d6,D20_A185,"lowest numeric (donor_number, acceptor_number)",False,False,True,True,4
620361875cc02ee2db2a45684323db5ff024b02a8b744a7b03c932c127a214c3,D60_A185,"lowest numeric (donor_number, acceptor_number)",False,False,True,True,6
6238d52f504667e39f9ba03c2c78be5102e81b3c24d80e05d2159745b65cf132,D52_A10,"lowest numeric (donor_number, acceptor_number)",False,False,True,True,10
62c5f63264f75e19cced812c5aaa08aba57dd0571852ef1b284d362321aac1bc,D49_A23,"lowest numeric (donor_number, acceptor_number)",False,False,True,True,10
62c660184bdbdf629f3c9c2f9ace876541f75d6c780dc3313ccf46433323afb7,D52_A22,"lowest numeric (donor_number, acceptor_number)",False,False,True,True,12
6343749a449b4911f293a6e3916f02307f7279f7713dd68f2956737ca7ec4b51,D147_A185,"lowest numeric (donor_number, acceptor_number)",False,False,True,True,13
637e3f9861fcc7119e1cc6cfe8309b87df98238ca0220b4f3083db334859cc57,D16_A182,"lowest numeric (donor_number, acceptor_number)",False,False,True,True,8
63bd0e6996a7b775e5f2fc0d3124072fbefa754f1bfbbab44e5c7598b8e1469f,D71_A185,"lowest numeric (donor_number, acceptor_number)",False,False,True,True,12
643f8cb7cd8198b9a482e2a480f0a07328e60b2aeb9b500c2dea172b98a4e87d,D91_A13,"lowest numeric (donor_number, acceptor_number)",False,True,True,True,11
646843518c22470ef88a06cab718fb0efda7c4757a4150dc030a8d1710c25862,D41_A353,"lowest numeric (donor_number, acceptor_number)",False,True,True,True,1
668ab848aba3cb6ca6e1cf8808921174d9924d888634cee02e1e6e11dd7f20d6,D19_A274,"lowest numeric (donor_number, acceptor_number)",False,True,True,True,14
66ba03e490918d714ff0ecc7d03c840ad5c6e0a5e3c51a331d5724c15e303f81,D13_A185,"lowest numeric (donor_number, acceptor_number)",False,False,True,True,5
66f6542d43332f2e333cd8fe06338507744006a29fead59f194bfe884a2b9859,D52_A234,"lowest numeric (donor_number, acceptor_number)",False,False,True,True,16
67924c839022fc69f9147d8dd2071cd85348e731d91861b00fe2989e2ef02617,D16_A185,"lowest numeric (donor_number, acceptor_number)",False,False,True,True,9
697accaef312bb96c1e41d2e5bce4772490d8fda7bab9c07ecbe17c8d738611e,D39_A182,"lowest numeric (donor_number, acceptor_number)",False,False,True,True,6
6aa4b574b76820f346a726689ab285dc66b0c9927232f790a843af16389c8b26,D52_A44,"lowest numeric (donor_number, acceptor_number)",False,False,True,True,15
6af254445f773a918a9b1a81600480866bb8cdd5f2a672a544a97a7dec0e6d5e,D20_A274,"lowest numeric (donor_number, acceptor_number)",False,True,True,True,8
6b2deb89122dc3707b99cd5837bce7bbd1383af655f49d22a0997d5b7c17a699,D130_A23,"lowest numeric (donor_number, acceptor_number)",False,False,True,True,13
6b655a7114466dc8b2057d845cb9633738c57662483ee87e19a377ea47aacbab,D83_A182,"lowest numeric (donor_number, acceptor_number)",False,False,True,True,12
6b7dcace3e8ead9ddde499526a7c9226b28f1a40a8f75ab9a339808bd97c0de4,D70_A182,"lowest numeric (donor_number, acceptor_number)",False,False,True,True,15
6f112aae7a9fdaaf841413d20c4d6eb5f4a7a2eda4d83a7ed495f013bc82b409,D87_A13,"lowest numeric (donor_number, acceptor_number)",False,True,True,True,4
6f18febb31e7061ed174a9ca348c600d6bb954e15dbad5a681483adbc17c8f46,D41_A352,"lowest numeric (donor_number, acceptor_number)",False,True,True,True,16
70ff85ac758a60a93ce50c5a693ef0007a182eca9c1770588596859f095ab531,D144_A182,"lowest numeric (donor_number, acceptor_number)",False,False,True,True,11
71394c77871322e88df8153c4bcd3f85187f66e2ed28ccbde43e5e12b378d694,D52_A122,"lowest numeric (donor_number, acceptor_number)",False,False,True,True,20
721b882d5434a87d32d3f83e687c93dcd56ca85fe6d522abc154fa844cae3f81,D65_A13,"lowest numeric (donor_number, acceptor_number)",False,True,True,True,8
729e2183d6b98630f2c214d111d00674a71e9fb8a364d72b3678240a10300b56,D52_A308,"lowest numeric (donor_number, acceptor_number)",False,False,True,True,16
72f692d08348f033a5d240d76a5e861c1655e6694dd25911d1194238a27c33ce,D37_A185,"lowest numeric (donor_number, acceptor_number)",False,False,True,True,13
7349f913677dc34275fa941056a617d9e0301582c3ab36594f9be0baff143b0c,D41_A207,"lowest numeric (donor_number, acceptor_number)",False,True,True,True,1
741ffd155c92f8d886b60d3850393c869f730a5b47bfe4561a999e2138ddd276,D24_A185,"lowest numeric (donor_number, acceptor_number)",False,False,True,True,10
74286e105e5340a8d3d8dcdd1bc9193e9c6ec6de3c733f7f76fa0cffa1e94552,D41_A233,"lowest numeric (donor_number, acceptor_number)",False,True,True,True,7
75f0e7ce0bcc337dbabd156d6a0980ff9288446968782abf55c7678cbee2c04e,D158_A182,"lowest numeric (donor_number, acceptor_number)",False,False,True,True,16
76421bfc28927e1139bff23e6ecd1ebf8c496fdd28ba32cbf2f786e3e27268d2,D55_A13,"lowest numeric (donor_number, acceptor_number)",False,True,True,True,7
76669db00aee27edba61feba3072cc5f60fb59d00564bd08b8f420a1417b7edc,D111_A13,"lowest numeric (donor_number, acceptor_number)",False,True,True,True,14
784bf71463e631341fc36ed7db6d4eb7e660fd5fe9a23dae55c9490a6255837e,D52_A168,"lowest numeric (donor_number, acceptor_number)",False,False,True,True,13
79de658dc820e76a9164e07a0b0d5d82d7c903c49e930be6563e94a454530697,D52_A14,"lowest numeric (donor_number, acceptor_number)",False,False,True,True,10
7a4ab33a1dbbac91daf3d7a9ef6c29c3cb73ca6f74f87c013c568143d7fd3b31,D55_A182,"lowest numeric (donor_number, acceptor_number)",False,False,True,True,12
7ae006d09f9a988bae938c60b56fd747fbbbb9cf9896ffb094e9ece2d431c09c,D17_A182,"lowest numeric (donor_number, acceptor_number)",False,False,True,True,13
7b4ffa262be0fa8a7eb6d321de0f4a5b9a988ee432e4400c82ce2ad5d44cd0a2,D22_A185,"lowest numeric (donor_number, acceptor_number)",False,False,True,True,1
7c487cddbbef0b8dc40dec47869a0513de3d6405fbd23a448931b601c981e94a,D1_A274,"lowest numeric (donor_number, acceptor_number)",False,True,True,True,12
7da91ebf537690cc072cb5582a2b16ea48f7d572e2f01a28f8fe8fea222ce4a4,D125_A13,"lowest numeric (donor_number, acceptor_number)",False,True,True,True,19
7e6199fcbe8ba5fe52e0bd9329deb5267b139a810a2aa50a448ad333ab6d2e80,D121_A13,"lowest numeric (donor_number, acceptor_number)",False,True,True,True,2
7f35698997e9a6a77f79543dd6822140014f32047e8b75cbf4895a7da83c00d7,D170_A274,"lowest numeric (donor_number, acceptor_number)",False,True,True,True,1
7f66a7ca0c87e796470f62a281d8bda035ae5cbc47bbb6fd48bc812676a439a5,D37_A23,"lowest numeric (donor_number, acceptor_number)",False,False,True,True,12
7f66c84c8b71378d3d4a5bcb46fb4db74f816a9fd3448af3d5e3b94038b7ec7e,D70_A23,"lowest numeric (donor_number, acceptor_number)",False,False,True,True,13
80fb5101b2a598f715094d84747ca45f0fe6f21e708bb2f92741995cb6b1517d,D41_A26,"lowest numeric (donor_number, acceptor_number)",False,True,True,True,8
81aaa7e6aea51aab74c12eae229d60a323a016e29552679de426c26e8c02e2de,D75_A182,"lowest numeric (donor_number, acceptor_number)",False,False,True,True,12
838b1c24f5dd4f5ff3fb9c72eb7e965320e9381aee26b03a096b27235e578843,D47_A274,"lowest numeric (donor_number, acceptor_number)",False,True,True,True,20
844777951c8b5e19de77e5651138ba13cf8e3025a7f4a5c8d3634332f0469193,D41_A39,"lowest numeric (donor_number, acceptor_number)",True,True,True,True,0
8451d5745d4b784218c0b3901ba702532d8218201160a0f853e33beca417827e,D41_A329,"lowest numeric (donor_number, acceptor_number)",False,True,True,True,16
84e461b52d33faa7f9d8ff5dae77ae10212410a1bce9a3f7f8cdcc01bde423bc,D68_A13,"lowest numeric (donor_number, acceptor_number)",False,True,True,True,7
85bd5b721095bd2bc4ed8ddeefd8ad1366ae892e02638d4e6021efb30902fac6,D41_A371,"lowest numeric (donor_number, acceptor_number)",False,True,True,True,4
863841ef88593c96ea9f4b78ef9c18c782c61b03761786fdef8c8d8ddf11a838,D36_A274,"lowest numeric (donor_number, acceptor_number)",False,True,True,True,7
86a0630422e718b593ffae3d9e6bb016446670d50f52d033ca6865a39b12f5e0,D145_A23,"lowest numeric (donor_number, acceptor_number)",False,False,True,True,4
8847a1d827cc459754e4d141991db0859e9c4c5bb6f3cd31fc346f317ce8c6fc,D41_A42,"lowest numeric (donor_number, acceptor_number)",False,True,True,True,11
889d62a48b0aa98b9bedda8f553fd31df8658e0781163a1ad5afb621accbca2f,D41_A147,"lowest numeric (donor_number, acceptor_number)",False,True,True,True,10
88e830c528ce5a9f21b384ca4a69872b57bc06aa09224dfe403b171cc187f458,D169_A274,"lowest numeric (donor_number, acceptor_number)",False,True,True,True,18
8b687fba2a7bffdc956f703bdd65887931f5430093a48c8e1d9c19a815c03cbd,D71_A182,"lowest numeric (donor_number, acceptor_number)",False,False,True,True,8
8ba893a97f4582e5e6ded3473b2c8937e9da9a94afa207ee0547e9a675a87704,D11_A182,"lowest numeric (donor_number, acceptor_number)",False,False,True,True,0
8c8df2ccc86bf8566e8717d9f5a952ef1d84fca76855d463c79b6902fb770ea8,D41_A332,"lowest numeric (donor_number, acceptor_number)",True,True,True,True,0
8d68a09f61b4c15a3b824875cecec4906fc5c9ef3c712c6750fa8dbfa1911021,D62_A185,"lowest numeric (donor_number, acceptor_number)",False,False,True,True,20
8da55e81d298ea3da1d356429844362c3cb44d738f4700bf1c98a0a81ac20684,D52_A190,"lowest numeric (donor_number, acceptor_number)",False,False,True,True,9
8e014871bf4494fd820e4b40c7dd2b38da8639fce46bc13a26595c665c3bdf59,D169_A185,"lowest numeric (donor_number, acceptor_number)",False,False,True,True,0
8f18d4cc1305ad64314281c0dc3fabb519033d594078a4ac1818389ebb11de85,D131_A23,"lowest numeric (donor_number, acceptor_number)",False,False,True,True,15
8f6ee56df179256493ffd7926c986a533c47216a3114fa3e7fe0d1d09eb771b1,D113_A13,"lowest numeric (donor_number, acceptor_number)",False,True,True,True,15
91875e905865eff1b3d10b4f02712c1e75482c08574b26882b6eccfc137aaf38,D128_A23,"lowest numeric (donor_number, acceptor_number)",False,False,True,True,12
92adba238764cdad801eac87a6610e447f1d5981dccdd304a91dadbfed8d4a97,D52_A43,"lowest numeric (donor_number, acceptor_number)",False,False,True,True,9
92e88366b145f03648f9e49c960fbf9e25977997531badb73137ec9b2f0d151e,D52_A372,"lowest numeric (donor_number, acceptor_number)",False,False,True,True,15
94277f0107328b81930d753e5b43d975dded458b663318ad0bd3ee2d03b60e85,D6_A185,"lowest numeric (donor_number, acceptor_number)",False,False,True,True,0
95119ef45c3b18957792fd217e34cbb42afd5736d6f275f14b1667ebe48dd411,D146_A23,"lowest numeric (donor_number, acceptor_number)",False,False,True,True,2
957f9c30e8651e589b78187f9d4fdc009717c6574efb537fbe3eb0153d765fab,D147_A182,"lowest numeric (donor_number, acceptor_number)",False,False,True,True,10
95834bd9da9f595f450765d3f78a34a9010ec9955cd3f81576bb1e852d9c66ed,D119_A185,"lowest numeric (donor_number, acceptor_number)",False,False,True,True,14
958e7b9cc493e07f77d18000999ce12c34413472559953348618d699177a77de,D52_A182,"lowest numeric (donor_number, acceptor_number)",False,False,True,True,16
9763d144097f27481ee4700bcacec00f828848f6ce0fc373767649ecb1c97d34,D41_A43,"lowest numeric (donor_number, acceptor_number)",False,True,True,True,1
98768385f678a60964ac398e30b33934be88ed91c62e89955931a6bee1272fd4,D98_A23,"lowest numeric (donor_number, acceptor_number)",False,False,True,True,8
99018b0d2af6af93479c96030a9fcfa700106c63b147429172dc1c3fe721757a,D131_A13,"lowest numeric (donor_number, acceptor_number)",False,True,True,True,18
991f5be2bba23c39fe629c282b844e77897d8cc2e75621cee2222c0024181be0,D41_A361,"lowest numeric (donor_number, acceptor_number)",False,True,True,True,9
994beeb7cf7ffa625b8ddec1cc625b147132c661679cec5d6416374a26ed026d,D147_A23,"lowest numeric (donor_number, acceptor_number)",False,False,True,True,0
9a1ce70bbfcc0b60e9e056741c4355a9fa79e9a14f770f9dc152e040ea59bc13,D156_A13,"lowest numeric (donor_number, acceptor_number)",True,True,True,True,0
9b3da7afb98d2c543662e6ebcf88ec540fb396f4de5761e1d39b6b9593a75cca,D56_A185,"lowest numeric (donor_number, acceptor_number)",False,False,True,True,16
9d96eae2adcbe95dbc628d79cf86920206d281beee265770a1d5fe9c31f0f880,D155_A13,"lowest numeric (donor_number, acceptor_number)",False,True,True,True,7
9dde7f88a6bd69a3140c438a3182cbfb379c34b5a8a54d1417489058caccdba4,D52_A355,"lowest numeric (donor_number, acceptor_number)",False,False,True,True,9
9e3c3d37799ac7d35300813baa1032115c9d5f2b7f6319ba97f4a43669126f2e,D44_A13,"lowest numeric (donor_number, acceptor_number)",True,True,True,True,0
9e53f7747cdb2b44e76cf0c680caefa34a7378a529b06d9b9c54999b2e68b446,D77_A13,"lowest numeric (donor_number, acceptor_number)",False,True,True,True,16
9f31a518d1ee7f8e3d1ec3179f58651ea8d16edde8d8293895cdb9850394588f,D1_A185,"lowest numeric (donor_number, acceptor_number)",False,False,True,True,0
a11fa0e0045ff91626b1ead3ff50581c4b87a8224d94b14b508a591989fed072,D41_A339,"lowest numeric (donor_number, acceptor_number)",False,True,True,True,9
a1fec415fc637f620361f913f84cccdb6b1f1ddbb15da8a24ebb74921277bd7c,D52_A173,"lowest numeric (donor_number, acceptor_number)",False,False,True,True,10
a2ce13bdc964669d2ed4cdc1d07d4528aa49cd7c2c84f6f58bb37eeb612b7f20,D62_A23,"lowest numeric (donor_number, acceptor_number)",False,False,True,True,6
a386b6a27369c5b1d6c0a70e731b0775539cc14e8261dca226f60b7f4ff52467,D168_A13,"lowest numeric (donor_number, acceptor_number)",False,True,True,True,13
a4aab33d3a2b9eb1a80953e560a868b9db88296daf6d05dfd47991be7ec4029f,D26_A182,"lowest numeric (donor_number, acceptor_number)",False,False,True,True,12
a52e38d478236067f8e2af156ddc7bd568b61fefd9bc6a1731c8140f01ea6ce2,D87_A23,"lowest numeric (donor_number, acceptor_number)",False,False,True,True,1
a6080b045774de57d1bab6b1ffb26384da92a012903f8649766eca4ef44dbd78,D41_A273,"lowest numeric (donor_number, acceptor_number)",False,True,True,True,9
a6bf1f201117b5b0dd2a0db9b7d0f36fd3c156f3a2595c9f5259df1cd547029b,D41_A146,"lowest numeric (donor_number, acceptor_number)",False,True,True,True,7
a756e49bd6893649514fc7e2a981b7b29ca2a0b023e4d51a36b9f55d52be72f7,D71_A13,"lowest numeric (donor_number, acceptor_number)",False,True,True,True,11
a847be6d89103b05bd7686f7d23a338cc70fa95d18fb2d66698a100ad83dce2b,D165_A13,"lowest numeric (donor_number, acceptor_number)",False,True,True,True,1
aa07b7cd90517d5f383c200e2949cb7d8b4b1094e86a7a384167f13a98da178e,D52_A179,"lowest numeric (donor_number, acceptor_number)",False,False,True,True,16
aa209bb76dfdc0b485ef618743b4bfe775a65b5ee08ef2a6eb6fe3ffb9a178ad,D41_A123,"lowest numeric (donor_number, acceptor_number)",False,True,True,True,13
aa9e5f4ca894d9f5d7f0545d28b73b0ab0b840e8c2506d12e260c09ca543d600,D41_A251,"lowest numeric (donor_number, acceptor_number)",False,True,True,True,12
aae319f3788c29e8f7990dfc6779484d18242a85357c219d5718a3e72a7632f5,D41_A343,"lowest numeric (donor_number, acceptor_number)",False,True,True,True,9
abb4f1f9dd019e944d491cc8e2ca87d806ccfa7122fa26b11ef2c773da09f2fa,D32_A274,"lowest numeric (donor_number, acceptor_number)",False,True,True,True,17
acc9eff3f88ae910800a21433f51c283b5541d234068a39d3f62a583b44405a3,D159_A23,"lowest numeric (donor_number, acceptor_number)",False,False,True,True,13
ad62217596d712481a85b85ddb4555a372a9ce908a84e353e703f94f5d534cd8,D75_A185,"lowest numeric (donor_number, acceptor_number)",False,False,True,True,13
ae1020ec6ef285fd116f0665ba0002e85a0f96228ec4b90f19efefcdb7cc6c15,D26_A185,"lowest numeric (donor_number, acceptor_number)",False,False,True,True,1
ae9a44fa5c5b9693a7849690abdb7a5834ee1d6da69db5ca105cb1bf8034be5c,D15_A182,"lowest numeric (donor_number, acceptor_number)",False,False,True,True,10
afcade1655d30d0883c1799842a83c45ec59eb99034371065b80bfcb8bd1f91d,D52_A325,"lowest numeric (donor_number, acceptor_number)",False,False,True,True,13
b052535c0dd4ea2fa1bb2a1aabe31c2619e9dbe18baceed339a5d1209b2d5e54,D41_A354,"lowest numeric (donor_number, acceptor_number)",True,True,True,True,0
b072d43109fcc2afee105ec1ba38fe6988f8a91c225e3dad169f699522f5f320,D25_A274,"lowest numeric (donor_number, acceptor_number)",False,True,True,True,2
b15bd79a49ab9be381964352532418e1b43906780fd200f087e1ed60f40e8223,D60_A13,"lowest numeric (donor_number, acceptor_number)",False,True,True,True,11
b22fe0a44529828ca4faed7f07f3d373dcc1b21426c26717557cf51d6ca0c4a6,D52_A307,"lowest numeric (donor_number, acceptor_number)",False,False,True,True,13
b25b4d9a23d43760c5958aaa27328a1480e854b9ae88d5f7899fdae1c8b137ca,D41_A149,"lowest numeric (donor_number, acceptor_number)",False,True,True,True,14
b39f8fcb49a97a5dc5c693d4df35864b2677c8c5bc9ec3d7f50f06aaba0e5e0b,D125_A23,"lowest numeric (donor_number, acceptor_number)",False,False,True,True,17
b409cb8c4f7e57dd326caa890d6709fc81c388625a841a37994d4b3c2e09fa3d,D52_A339,"lowest numeric (donor_number, acceptor_number)",False,False,True,True,13
b44698fe2cb85520fcc6aaa9688d7fc769f4da1bb8cc8336ae513e25cad84baf,D52_A23,"lowest numeric (donor_number, acceptor_number)",False,False,True,True,11
b45994bc3fab4e1446c657ebb87d87895e9315474fef6ffa0f1bb623923f862f,D49_A182,"lowest numeric (donor_number, acceptor_number)",False,False,True,True,11
b6099e59c9b8a445e0cc736ba1305d91c8fbe02c885c3d84c261d1a927cdd30f,D138_A13,"lowest numeric (donor_number, acceptor_number)",False,True,True,True,10
b610a4da5f7b215aa6b9a0b28e9369bf7bcc42c43117a05a0b2bd48be21c0c7a,D52_A364,"lowest numeric (donor_number, acceptor_number)",False,False,True,True,12
b83a803b4fd064b8f0d7e94b165c63cc0b1a844b487306feb0c5dd87f074e710,D10_A185,"lowest numeric (donor_number, acceptor_number)",False,False,True,True,5
b9850f63215fe07c36cf4210073ee6d66a6f3ba1e28432e705f70df5d83dd33d,D41_A15,"lowest numeric (donor_number, acceptor_number)",False,True,True,True,6
bb15f118132a08c2746cd94c34cfa35b9b78b44db3b7db95c564c375b54f9e89,D52_A167,"lowest numeric (donor_number, acceptor_number)",False,False,True,True,13
bc1a80ec995b2e094339b7e419151392cd0608dd787ed21dc23f82aea9990b27,D41_A259,"lowest numeric (donor_number, acceptor_number)",False,True,True,True,19
bc2dc3b86b7e98009518d67bb1d1ac0eec1cbe08b4c1e6e3143eb85da0ef79c6,D41_A325,"lowest numeric (donor_number, acceptor_number)",False,True,True,True,5
bc686e6d2c05bd1415e821fb4c211c8077ab1ca22b1be63e99225d9b32048735,D48_A185,"lowest numeric (donor_number, acceptor_number)",False,False,True,True,8
bce39c6491adbbb482a3f2adf4e99fbb1c1b6c5fc51b6249ced52f3364915c05,D14_A274,"lowest numeric (donor_number, acceptor_number)",False,True,True,True,12
bd81a245b55644bf7a87715f3b3eba4f6ea20c68f885fdacbaa41406f98a4e7a,D52_A369,"lowest numeric (donor_number, acceptor_number)",False,False,True,True,9
be282115bb2d19d34a55ee5ca4f326ee3c1b390d1716592e02c29bd483835625,D20_A182,"lowest numeric (donor_number, acceptor_number)",False,False,True,True,3
c0ecb70971d65cb86cf20de3a5972cd0cd95fb11a4d9219be9a09a9c666aaab3,D41_A200,"lowest numeric (donor_number, acceptor_number)",False,True,True,True,10
c39823ebbaa31cbee67c1cfa17b638114b23ccec79dbe914b7b24557b88e32a6,D59_A13,"lowest numeric (donor_number, acceptor_number)",False,True,True,True,8
c3a8395c1be96d284aa6fe63c78202520704893c887aeb4aeed81f672b5331f7,D171_A185,"lowest numeric (donor_number, acceptor_number)",False,False,True,True,12
c3b80dea12f96bf836c91b50f4ee64227d05d4d6698060a01a6a9d763eb2407b,D118_A182,"lowest numeric (donor_number, acceptor_number)",False,False,True,True,5
c49bf14e50f1df350d29e9d2ad22f83769ac35c9844bb516c70a678dfc7b67bf,D52_A185,"lowest numeric (donor_number, acceptor_number)",False,False,True,True,15
c7279896b8a8984d326f8aa06e28e32e3c38f1fc662699996bd39c97b02c0052,D41_A188,"lowest numeric (donor_number, acceptor_number)",False,True,True,True,9
c72f14abd35d074dd703b4a70fd291806246825f339969197123fcc5cd147ab1,D40_A23,"lowest numeric (donor_number, acceptor_number)",False,False,True,True,1
c733284b2491250d568a923be638667f3dcd4ab48184e7b77268e3b4e93d911c,D52_A273,"lowest numeric (donor_number, acceptor_number)",False,False,True,True,16
c73cb0a15e935b7d262ae5ac304072aa03ffca2b55bf91b59bd7139257fd2ac5,D50_A23,"lowest numeric (donor_number, acceptor_number)",False,False,True,True,10
c765f1211a3e69782700530396bc759cfc4d0e53f4a723bcc11242ce87a0d084,D52_A334,"lowest numeric (donor_number, acceptor_number)",False,False,True,True,11
c769b1a052072f54b6b71ff4e1ee40ee6a4fc52fc02429bcf2cdd2a95aed6ec4,D52_A346,"lowest numeric (donor_number, acceptor_number)",False,False,True,True,16
c7880980402ea50047686dcf77de00e2b6b5e4875d0d31f2308b968fc30b97a4,D61_A13,"lowest numeric (donor_number, acceptor_number)",False,True,True,True,11
c90e66c1e54da77077d62f0ed9fbcef081ef973234ecf3b55363a6a6e0b8581d,D47_A13,"lowest numeric (donor_number, acceptor_number)",False,True,True,True,3
c9fcf3399bd82abbb24edc7bc8270f54a6235c3d987e67d9329e6dafe5aadb0f,D14_A185,"lowest numeric (donor_number, acceptor_number)",False,False,True,True,6
cbbe645b6640d73fb196c517820709776f145bbf22707a39ccbec9927e60b7bf,D158_A13,"lowest numeric (donor_number, acceptor_number)",True,True,True,True,0
ccd00201a7515d94493a1710b55efe5b4fc29ee5d7a1692dc4f238080e46402b,D28_A274,"lowest numeric (donor_number, acceptor_number)",False,True,True,True,12
ccd85e9b36ebd09a380c9e994a451c3d299b9e6af275eb779a162edf6c5c7aa0,D63_A23,"lowest numeric (donor_number, acceptor_number)",False,False,True,True,7
ccf4343122955863b5b99fa80fc4faa281987d0675bedec682d69dd1d851dc0e,D46_A274,"lowest numeric (donor_number, acceptor_number)",False,True,True,True,20
ce41791f72fb3b9d739b2040289c6945a78fa86f27c0319c4651ac7a564344fe,D36_A182,"lowest numeric (donor_number, acceptor_number)",False,False,True,True,0
cea7c088634586d66fb3eb53d9f9b52776e816f047f36cb66b6fcfec4522d5f3,D120_A13,"lowest numeric (donor_number, acceptor_number)",False,True,True,True,16
cec1e255866a17ad1b3495e6c1fa0200a511cea258ef41f27572e7352479b931,D126_A13,"lowest numeric (donor_number, acceptor_number)",False,True,True,True,9
cf1a9ea073cdd3804e01f0321923b7535bc30922e0941fbdbfc49484d2bb7f45,D41_A18,"lowest numeric (donor_number, acceptor_number)",False,True,True,True,14
cf4aaa8a0ee858025615b2445d1b02b727afcad9f698c160b2c4ad7ba4531ef9,D41_A374,"lowest numeric (donor_number, acceptor_number)",False,True,True,True,10
cfd7e12558401badeadb4a0400699f6f11f4acbc9eec34181059f0cc963463d5,D5_A185,"lowest numeric (donor_number, acceptor_number)",False,False,True,True,0
d05101e50b27bf8aa5ef45f818818cb2239d7829c89347c01e749de714f448e6,D30_A185,"lowest numeric (donor_number, acceptor_number)",False,False,True,True,3
d0ee672d36227e89d890ef6d8197e76876dee635283a7fa0797db3cc481d87af,D15_A185,"lowest numeric (donor_number, acceptor_number)",False,False,True,True,1
d164050003eb754f38a436e91801800996269fdd29269487b9f989dd9d8a40d9,D24_A182,"lowest numeric (donor_number, acceptor_number)",False,False,True,True,10
d194137011f2bb160298a85f83ea4cef23f23fcbc21eeae4480475a0fe0ebd88,D56_A182,"lowest numeric (donor_number, acceptor_number)",False,False,True,True,13
d1bbbbd9387dd6b4f9696462a9f115039d4e1552653ae42a279ee4d890e40ab6,D41_A333,"lowest numeric (donor_number, acceptor_number)",False,True,True,True,3
d25d9c0a9469aad780869e3c65d7e2d8b59100ee87c6b2d12604327bf2da5513,D41_A4,"lowest numeric (donor_number, acceptor_number)",False,True,True,True,12
d26776333ae87488d88075f142a96a6594450d56720ec1269b85536c19d72162,D137_A13,"lowest numeric (donor_number, acceptor_number)",False,True,True,True,12
d3a2f7254348a724960a5b787df23fab17fb65d43616680b52177b054a9d4824,D27_A274,"lowest numeric (donor_number, acceptor_number)",False,True,True,True,11
d49702b37716093773512fe0604c1651493a4cf7af1d833ec244a46d57e36288,D60_A182,"lowest numeric (donor_number, acceptor_number)",False,False,True,True,9
d4fd0e81a0b43d496ff2e8a97787ac179407ef33174c446f93ddd5974365d8dd,D28_A185,"lowest numeric (donor_number, acceptor_number)",False,False,True,True,8
d4fd5c12ca62ede37606f418d605c73a906127dc02a733ee8279ca64c23d1c56,D67_A13,"lowest numeric (donor_number, acceptor_number)",False,True,True,True,15
d53d850aaa182c0a7702db8214c1a3f3bb97203f721d89b74323cc5607e51b40,D43_A13,"lowest numeric (donor_number, acceptor_number)",False,True,True,True,12
d54294ae0b4723b9d1d17c2931cb90b83998b8353b8fc98ed7b375baef8667c3,D44_A182,"lowest numeric (donor_number, acceptor_number)",False,False,True,True,3
d54e038f7331ed04e5c6aacab83655902907228faeee19bdc6cef48768ffb142,D159_A182,"lowest numeric (donor_number, acceptor_number)",False,False,True,True,0
d6df9e0470a6616db1fa41905950d4a54a9a391b107dc32386a46813c5e800d0,D41_A347,"lowest numeric (donor_number, acceptor_number)",False,True,True,True,7
d782cd2ec42398d3834ce147a92158647d9f3638c3a26fb0fc8351f430edfabc,D75_A13,"lowest numeric (donor_number, acceptor_number)",False,True,True,True,13
d8adcef843fe6aa3b17cd92e9527ca88ae5f62b528a672a5a390baf18a1e66c1,D41_A168,"lowest numeric (donor_number, acceptor_number)",False,True,True,True,16
d9d8666b6696662b8678f07f221ab2782488e4ff926a2f4407cd2344e66cccd8,D41_A201,"lowest numeric (donor_number, acceptor_number)",False,True,True,True,15
da4de28a08baa2ecd3709924c8c0912e6eeb441967c3c98e1603e8ff0130b3ba,D138_A23,"lowest numeric (donor_number, acceptor_number)",False,False,True,True,8
daa140d0c9c46c1a9b0f2b2a05515107654b7354f2d1271143555848e9d8ccca,D128_A13,"lowest numeric (donor_number, acceptor_number)",False,True,True,True,17
db923dd2369eaf5a4cbbcbbc034fba8386d787a585d27eb276882aae3b6265df,D157_A13,"lowest numeric (donor_number, acceptor_number)",False,True,True,True,10
dc7fc68170309b6e34170f5da68a19c16c7f94b5c2429425a72d9b0e43239189,D45_A13,"lowest numeric (donor_number, acceptor_number)",False,True,True,True,3
dcec838dd730114b8ffc5ef4d7f482d3a8841353ea3ba6abb1b4354a73737574,D170_A278,"lowest numeric (donor_number, acceptor_number)",False,False,True,True,7
de6734db68bb39ac9bf37f585487a999b6aa93699b263143391b735b393f908f,D52_A340,"lowest numeric (donor_number, acceptor_number)",False,False,True,True,5
dfe0285f3f05ec0441134df434736d6076153e487e3b41d6c8bfb70dcc913d6f,D52_A7,"lowest numeric (donor_number, acceptor_number)",False,False,True,True,13
e03fb943869c23c073da18f95bd7d3a3ba7eee8949075b8de64d3db29291171b,D52_A344,"lowest numeric (donor_number, acceptor_number)",False,False,True,True,9
e0ee679bd757ef32a8215ab9970b43d22b34b2057250ac722f5103fcfc3992ae,D31_A185,"lowest numeric (donor_number, acceptor_number)",False,False,True,True,2
e2d73a3939e6a1e20d4d1344cc8da917aa9e2298a1c39b966da7d3ea29730d41,D54_A182,"lowest numeric (donor_number, acceptor_number)",False,False,True,True,12
e382a8ddbf6dcc4ec4e1fae820e729c6218d9d88e08f1ba4da7b1c453fb0c60f,D21_A182,"lowest numeric (donor_number, acceptor_number)",False,False,True,True,12
e42ad8f1f2a4feb0d9470bb438b2409f8e95f1f73db9588e78376f3bb7f1d05f,D171_A274,"lowest numeric (donor_number, acceptor_number)",False,True,True,True,9
e43b05f9ee76e6a10100aa46a90df1f8f4046f606475b0775e191c46b9bc03cf,D12_A182,"lowest numeric (donor_number, acceptor_number)",False,False,True,True,0
e4c6531e36e475b4b589f403a55575ab72615d89b6e629099a296c415252e56a,D41_A13,"lowest numeric (donor_number, acceptor_number)",False,True,True,True,6
e50da96e675174ac8f353c06bd90b22ea672596da1a477ed3bbc09ae5632cf0b,D52_A360,"lowest numeric (donor_number, acceptor_number)",False,False,True,True,13
e6afc5a664a9115361379a1e42658068720251cd9ea38c33dba7d984624926cc,D134_A23,"lowest numeric (donor_number, acceptor_number)",False,False,True,True,20
e6c117e41097cfc6ce9684f05150fd91e3a5723f0428934bf517504088aeffe5,D153_A23,"lowest numeric (donor_number, acceptor_number)",False,False,True,True,1
e6c59b15980140b3a50fa1b8cff8acb15ba71c5cababe18a51392bc2d63d3a1a,D52_A174,"lowest numeric (donor_number, acceptor_number)",False,False,True,True,9
e7c7214ae1f5e2acc4cce20d6fe7bb7fa51b22506046f0640d28f7f83895c130,D52_A124,"lowest numeric (donor_number, acceptor_number)",False,False,True,True,15
e8493e3cf98f5044a6a1ecc540bc98074b48314a2ee855f86274cde49b5df7bf,D170_A182,"lowest numeric (donor_number, acceptor_number)",False,False,True,True,7
e86281f6a1f29bb543151999a33b990a809aad6d2ec212b86c939d31a005ca6a,D52_A350,"lowest numeric (donor_number, acceptor_number)",False,False,True,True,13
e98f0092352ffb0af2a32b0fd35f38bed7bf8be8357288f70fd9eb8fb1c03635,D46_A185,"lowest numeric (donor_number, acceptor_number)",False,False,True,True,14
ea6c44ab367150f288890efe6154fdeda7ccb3ec9dc41148f9f74074e1ab1104,D152_A23,"lowest numeric (donor_number, acceptor_number)",False,False,True,True,0
ea84b897245a7d03a6c22a0a40064870860f6e6f9162a5e39dcabf9ee3d38442,D41_A308,"lowest numeric (donor_number, acceptor_number)",True,True,True,True,0
eb1a6763f5a5b4e96dd8ca19512dab27706c529c4ca158a63d8ca0d500da28d2,D69_A13,"lowest numeric (donor_number, acceptor_number)",False,True,True,True,6
eb4ffaf8b1a84833311f8b1b26bff932ddf1515ef7cf8174a9ee5fef2ff96253,D21_A185,"lowest numeric (donor_number, acceptor_number)",False,False,True,True,10
ec3a0a1edbb3d3f3d6bac917c5d4970b7cc46db78f2fbca44eff4e5f79eb5656,D41_A10,"lowest numeric (donor_number, acceptor_number)",False,True,True,True,4
ec4b254ace978932611ddcf3146f934d7faf56b40ca9537e44733574f2beefd3,D52_A39,"lowest numeric (donor_number, acceptor_number)",False,False,True,True,1
ecbb33e36cac563ff7c7c0b7f0132d2fc30036dd5fc53854a2322b7d229f6613,D90_A13,"lowest numeric (donor_number, acceptor_number)",False,True,True,True,7
ed0a47333db772970ac6e033ed8cbef29bb5ba5a7f3ed8df93706770728c1a66,D40_A13,"lowest numeric (donor_number, acceptor_number)",True,True,True,True,0
ed97fdc84a61b7e9a51a0804ed3ac836c25e36b8b94ac874addcdcbeec5ca70a,D52_A336,"lowest numeric (donor_number, acceptor_number)",False,False,True,True,9
edbbfe2e97e253cdf07c90af5cae1b23812549c03f33e2b7a9b6a7ad7f462515,D112_A13,"lowest numeric (donor_number, acceptor_number)",False,True,True,True,17
edcfeb20c668c1e11738acb07ff4f886aea809f3c6825d27756e131299a16a9b,D95_A13,"lowest numeric (donor_number, acceptor_number)",True,True,True,True,0
ee094d7a4db71b867bc9cd9d46b381ec7746bd231d8cb3dee4520b06b04dbc0a,D62_A13,"lowest numeric (donor_number, acceptor_number)",False,True,True,True,6
ee1ef2bde4601c6706e6815e428a54ec0a93743ca1c6696c07d27df48f790cc8,D52_A374,"lowest numeric (donor_number, acceptor_number)",False,False,True,True,11
efa2f80cd00c6a8951e947d289510ecdcc9ccb3ccc66c261db259c4069f43575,D160_A23,"lowest numeric (donor_number, acceptor_number)",False,False,True,True,12
efbb841c43bc66e9e01233f454abbe19a140bac144e0ada9510483cb729ab8ba,D144_A13,"lowest numeric (donor_number, acceptor_number)",False,True,True,True,2
f0b12ac62d76609b6831f63f7656f7098c521e9360731063c797dcef8d354321,D169_A182,"lowest numeric (donor_number, acceptor_number)",False,False,True,True,0
f0f92c313781d93a12f0e37c229b630c768fe4e847caabb82ebbc777812619b2,D39_A23,"lowest numeric (donor_number, acceptor_number)",False,False,True,True,5
f1c11cfd3b975547d5bf1e687443861543820619b0ddabfead181f77106b0902,D41_A5,"lowest numeric (donor_number, acceptor_number)",True,True,True,True,0
f1d17514e50f583a2e250dbaa9b2620eb9f6fa59d90a29845299fdfa0a4a5927,D23_A185,"lowest numeric (donor_number, acceptor_number)",False,False,True,True,3
f1f0b7c70861395ce97cd64fa380f9cca190755dcf4cb2b6eba7072523a40332,D41_A340,"lowest numeric (donor_number, acceptor_number)",False,True,True,True,4
f1f54aac5ac297d512661e9d45211a00d7977ec2fc34230a21725007594778f6,D171_A182,"lowest numeric (donor_number, acceptor_number)",False,False,True,True,0
f218c190a07422c08da38b21537b2f192b2f76b8ba59217045dac202b92aba08,D41_A181,"lowest numeric (donor_number, acceptor_number)",False,True,True,True,7
f2a4156128006f00a5e7f32673febeb7a4b8aa9bf339b67998c4dc04bccf709a,D38_A13,"lowest numeric (donor_number, acceptor_number)",False,True,True,True,8
f327baf73c927ea72cbd6fe2c951dd962f2bac2943f412981d2bc72fa7f82c97,D22_A274,"lowest numeric (donor_number, acceptor_number)",False,True,True,True,10
f3a823c65bdf72fd9cb63af287dce013c98f0b85078533d01ddf6fa68a57329b,D154_A23,"lowest numeric (donor_number, acceptor_number)",False,False,True,True,14
f6304587abc888f92038060d78f192f2ee6681bdd86eb456f3e5a62fb6acfb76,D112_A23,"lowest numeric (donor_number, acceptor_number)",False,False,True,True,13
f8291909637b19295d91c3c5f223f84a4ae9cec164f0e3d492d0624160041c0a,D4_A185,"lowest numeric (donor_number, acceptor_number)",False,False,True,True,0
f85de63d3f5458b3bc2cc802458a00855181e0d22d627f02bc84663557b5e2e5,D152_A182,"lowest numeric (donor_number, acceptor_number)",False,False,True,True,15
f87da047af9b5db6cf54be6cc21b3ca62d2e949943307bce4e35793c3b831971,D41_A270,"lowest numeric (donor_number, acceptor_number)",False,True,True,True,8
f9b4aecfc13b1832d912dd4ef6e6d8778dc80092d8b3182a8a903018dba1000e,D118_A185,"lowest numeric (donor_number, acceptor_number)",False,False,True,True,14
fb0faedaa07f3bbb05b3fa745ceeaef9f968420fcbec7baa68a3d4c06c1bf7c6,D41_A362,"lowest numeric (donor_number, acceptor_number)",False,True,True,True,6
fb596ea87dee5d9042cb61f3a9d5192089317246e81b2403492f55103c9c1a3f,D52_A175,"lowest numeric (donor_number, acceptor_number)",False,False,True,True,7
fbab8419d1cbdc5a823b712ee129f22bad1f280745eb888b75ca1ab8213546cb,D61_A185,"lowest numeric (donor_number, acceptor_number)",False,False,True,True,20
fbc4e5052d825a2942b9d8af2551c36e1a39ff6385e551151909a5d8776a0f5a,D82_A182,"lowest numeric (donor_number, acceptor_number)",False,False,True,True,7
fc2e3ee99f330d99e390a59694deaa2430c44a1792fc1f6b59e2a86d3904479e,D85_A23,"lowest numeric (donor_number, acceptor_number)",False,False,True,True,4
fc7dd48175e1130e9f234e4901ede8fb10e0c87e33922e6d6ab167494a269cfa,D12_A274,"lowest numeric (donor_number, acceptor_number)",False,True,True,True,14
fd09b47f052c7ef3774ddff8e1024b016002896d43fc80888c60c793dcdcbdd6,D41_A231,"lowest numeric (donor_number, acceptor_number)",False,True,True,True,11
fd352523519b215c0fbf5a1392edaff33d8b16dc7675e425f268bc8f7a57046c,D7_A182,"lowest numeric (donor_number, acceptor_number)",False,False,True,True,13
fd4dbe1a81de2fd25fe21521955c1ca24db9b6f46a2f6cbb82033705efd4d1f6,D32_A182,"lowest numeric (donor_number, acceptor_number)",False,False,True,True,3
fe24fd86496b14965c44b8a99b4042dcf94f4dbb40f72841f4aaf0808baa170b,D52_A170,"lowest numeric (donor_number, acceptor_number)",False,False,True,True,20
fee7307e67ccd953c326da2e8d62ed8f0094790f2c6d3ee5903b9e559c01a75b,D52_A207,"lowest numeric (donor_number, acceptor_number)",False,False,True,True,16
ff0051482358e01001d1246bb498f870e6d501db633a9bde9e805ab3e88f8519,D52_A312,"lowest numeric (donor_number, acceptor_number)",False,False,True,True,16
ff231878eeb47b25a16ade954b2542fe8f7af30bddf251c85d22e8929a5cd9e5,D52_A348,"lowest numeric (donor_number, acceptor_number)",False,False,True,True,12
ff4f9eb086932b21bd2a721557976d32feedd089599e45713af34337ef533d0b,D41_A376,"lowest numeric (donor_number, acceptor_number)",False,True,True,True,13
