bytes,family,input_columns,loadability,parameters,path,rounds,scientific_status,sha256,smoke_rows,tensor_count,tensor_elements
371,weighted_median,,LOADABLE_FINITE_CONSTANT,,/home/changliu/ExcitationNexus/12_Phase4_Multitask_OOD_Training/runs/gate2a_ood_baselines/acceptor_cold/weighted_median.json,,,4dfd99d3b027d5626f010e78a083598cf69c8fb493f10ba7f5bfda11c3952029,4,,
2595294,XGBoost,532,LOADABLE_FINITE_FORWARD,,/home/changliu/ExcitationNexus/12_Phase4_Multitask_OOD_Training/runs/gate2a_ood_baselines/acceptor_cold/xgb_c0.json,500,,aa45aa8db38b36eeb89d35f33b6cb7bca3064a1e475271405397bb4a7ef652e5,4,,
2645084,XGBoost,535,LOADABLE_FINITE_FORWARD,,/home/changliu/ExcitationNexus/12_Phase4_Multitask_OOD_Training/runs/gate2a_ood_baselines/acceptor_cold/xgb_c1p5_safe.json,500,,964e6cae291f9c71d833e5f9efdf816f6315fcfad5475c1ac65fdcf517a6af07,4,,
382,weighted_median,,LOADABLE_FINITE_CONSTANT,,/home/changliu/ExcitationNexus/12_Phase4_Multitask_OOD_Training/runs/gate2a_ood_baselines/both_cold/weighted_median.json,,,71d175855222813ec62e781e70451314e1b67cd7c9489b1280f3e6ab908c011e,4,,
2552694,XGBoost,532,LOADABLE_FINITE_FORWARD,,/home/changliu/ExcitationNexus/12_Phase4_Multitask_OOD_Training/runs/gate2a_ood_baselines/both_cold/xgb_c0.json,500,,049b740d7354031b4e15b71a748928485b01dffa0913c21e6d77c46b5a9ed81e,4,,
2653498,XGBoost,535,LOADABLE_FINITE_FORWARD,,/home/changliu/ExcitationNexus/12_Phase4_Multitask_OOD_Training/runs/gate2a_ood_baselines/both_cold/xgb_c1p5_safe.json,500,,7471f31718b982321a43e55cab2c88cd15a55cbfb793d35d08b6d8e95a912368,4,,
380,weighted_median,,LOADABLE_FINITE_CONSTANT,,/home/changliu/ExcitationNexus/12_Phase4_Multitask_OOD_Training/runs/gate2a_ood_baselines/donor_cold/weighted_median.json,,,0f4402167d3a96607714785872a7a563c2b0c0f4f1dabf9a34e7d12ca9f93f38,4,,
2635580,XGBoost,532,LOADABLE_FINITE_FORWARD,,/home/changliu/ExcitationNexus/12_Phase4_Multitask_OOD_Training/runs/gate2a_ood_baselines/donor_cold/xgb_c0.json,500,,e82546da433d76ebe3ff9a473cf576279aef30ca264ee20f9844cd118ad57386,4,,
2731625,XGBoost,535,LOADABLE_FINITE_FORWARD,,/home/changliu/ExcitationNexus/12_Phase4_Multitask_OOD_Training/runs/gate2a_ood_baselines/donor_cold/xgb_c1p5_safe.json,500,,09dd1d8f3832d1f3815dd4ac93bbbcd8022b9ee26559ab083adcd3ccf7e5aaa1,4,,
381,weighted_median,,LOADABLE_FINITE_CONSTANT,,/home/changliu/ExcitationNexus/12_Phase4_Multitask_OOD_Training/runs/gate2a_ood_baselines/full_scaffold_cold/weighted_median.json,,,1f08f8ebcff9732879aa160b9fe091c82aa959dd3b35281eaf4c123e4cb0fc5b,4,,
2580419,XGBoost,532,LOADABLE_FINITE_FORWARD,,/home/changliu/ExcitationNexus/12_Phase4_Multitask_OOD_Training/runs/gate2a_ood_baselines/full_scaffold_cold/xgb_c0.json,500,,98b675001d67a0c7345d1ccdce20fbfaadad975ee78ba71347a7978e04b65963,4,,
2690814,XGBoost,535,LOADABLE_FINITE_FORWARD,,/home/changliu/ExcitationNexus/12_Phase4_Multitask_OOD_Training/runs/gate2a_ood_baselines/full_scaffold_cold/xgb_c1p5_safe.json,500,,7fe483e5fa7bc8fdaaefc68f0abd53e2ee8965015f320c478c3820158c17bd0e,4,,
382,weighted_median,,LOADABLE_FINITE_CONSTANT,,/home/changliu/ExcitationNexus/12_Phase4_Multitask_OOD_Training/runs/gate2a_ood_baselines/pair_cold/weighted_median.json,,,7dfd0b2adbf75b7f4773570d59fe70838478eb83e21ed5df348b07bdf1515ff9,4,,
2679107,XGBoost,532,LOADABLE_FINITE_FORWARD,,/home/changliu/ExcitationNexus/12_Phase4_Multitask_OOD_Training/runs/gate2a_ood_baselines/pair_cold/xgb_c0.json,500,,36c6ac304ca04b267145ed5f35f017635f9f31dfb27669ec6ddc8aef92b18d90,4,,
2687992,XGBoost,535,LOADABLE_FINITE_FORWARD,,/home/changliu/ExcitationNexus/12_Phase4_Multitask_OOD_Training/runs/gate2a_ood_baselines/pair_cold/xgb_c1p5_safe.json,500,,05b190d396eb7bac44b1ea5cf6af90e9692df88cebeba967edc9932715e7fbd9,4,,
2094640,XGBoost,1556,LOADABLE_FINITE_FORWARD,,/home/changliu/ExcitationNexus/12_Phase4_Multitask_OOD_Training/runs/gate2d1_role_aware_2d/models/acceptor_cold/B_C0_Wide_1536/model.json,500,,a1c06e87cae21c64cbfc0f0f4caaa3e0c9e451f785d1f0343b3bb21664b733ad,4,,
2563290,XGBoost,1556,LOADABLE_FINITE_FORWARD,,/home/changliu/ExcitationNexus/12_Phase4_Multitask_OOD_Training/runs/gate2d1_role_aware_2d/models/acceptor_cold/C_RA2D_1536/model.json,500,,2063906483420caefc58b7432a3121a2c274361cafb1571ea7e904299c692a2d,4,,
2101923,XGBoost,1556,LOADABLE_FINITE_FORWARD,,/home/changliu/ExcitationNexus/12_Phase4_Multitask_OOD_Training/runs/gate2d1_role_aware_2d/models/both_cold/B_C0_Wide_1536/model.json,500,,a4d64ea5feae90aa8a4f015bf3bfb66370ee12dc751dd7d2a0184d4991689ee4,4,,
2432643,XGBoost,1556,LOADABLE_FINITE_FORWARD,,/home/changliu/ExcitationNexus/12_Phase4_Multitask_OOD_Training/runs/gate2d1_role_aware_2d/models/both_cold/C_RA2D_1536/model.json,500,,fde975e3f0e4e26ae27ab26300fafb19065ba200c005460536961e8b0a161a68,4,,
2057406,XGBoost,1556,LOADABLE_FINITE_FORWARD,,/home/changliu/ExcitationNexus/12_Phase4_Multitask_OOD_Training/runs/gate2d1_role_aware_2d/models/donor_cold/B_C0_Wide_1536/model.json,500,,2579eada83251f6fadae7f5a7493114dea87d9cf83f398a1a85ad13529d34e97,4,,
2573186,XGBoost,1556,LOADABLE_FINITE_FORWARD,,/home/changliu/ExcitationNexus/12_Phase4_Multitask_OOD_Training/runs/gate2d1_role_aware_2d/models/donor_cold/C_RA2D_1536/model.json,500,,548e1472701d0df7190248c59cdf19db75b42870ef5fe63e73e21aa8c7f713ed,4,,
2149256,XGBoost,1556,LOADABLE_FINITE_FORWARD,,/home/changliu/ExcitationNexus/12_Phase4_Multitask_OOD_Training/runs/gate2d1_role_aware_2d/models/full_scaffold_cold/B_C0_Wide_1536/model.json,500,,795ea508d4c54594c96bbfc2dc51406443b51e135d0d6e954d7468c2fdc8cbf1,4,,
2529350,XGBoost,1556,LOADABLE_FINITE_FORWARD,,/home/changliu/ExcitationNexus/12_Phase4_Multitask_OOD_Training/runs/gate2d1_role_aware_2d/models/full_scaffold_cold/C_RA2D_1536/model.json,500,,b4ca130f36ad64ec44479a25b842d2dc81c190e30c60b9561ea79b49488b4e47,4,,
2150546,XGBoost,1556,LOADABLE_FINITE_FORWARD,,/home/changliu/ExcitationNexus/12_Phase4_Multitask_OOD_Training/runs/gate2d1_role_aware_2d/models/iid/B_C0_Wide_1536/model.json,500,,35a07ac54acf3f167948be3eddb964957ace77fdb428fe9552a2e4c4ebc1c066,4,,
2651402,XGBoost,1556,LOADABLE_FINITE_FORWARD,,/home/changliu/ExcitationNexus/12_Phase4_Multitask_OOD_Training/runs/gate2d1_role_aware_2d/models/iid/C_RA2D_1536/model.json,500,,1aed02affe57bc9cf95a03c89345f90cb1fbbd2203af16e662eecf511e5a558b,4,,
2162705,XGBoost,1556,LOADABLE_FINITE_FORWARD,,/home/changliu/ExcitationNexus/12_Phase4_Multitask_OOD_Training/runs/gate2d1_role_aware_2d/models/pair_cold/B_C0_Wide_1536/model.json,500,,54a47017f4074f1ac48a9b3108980a055433aae55f37c8d8159dea9a10463d71,4,,
2617436,XGBoost,1556,LOADABLE_FINITE_FORWARD,,/home/changliu/ExcitationNexus/12_Phase4_Multitask_OOD_Training/runs/gate2d1_role_aware_2d/models/pair_cold/C_RA2D_1536/model.json,500,,729dd11dc0e3f8b9fbaa79f511ddabad0266ea9c95543d58787bdaf6cd430557,4,,
3083402,XGBoost,532,LOADABLE_FINITE_FORWARD,,/home/changliu/ExcitationNexus/12_Phase4_Multitask_OOD_Training/runs/gate2d2_frozen_molformer/v2_models/acceptor_cold/B_MF_Full_RP512/model.json,500,,06ad0d70d04a9e0513a152bd6ffff7dcd9e2dab7336e0be44a87ab084364acbc,4,,
2744272,XGBoost,532,LOADABLE_FINITE_FORWARD,,/home/changliu/ExcitationNexus/12_Phase4_Multitask_OOD_Training/runs/gate2d2_frozen_molformer/v2_models/acceptor_cold/C_MF_Role_RP512/model.json,500,,1cf66ebbaf03a8c474ffe64fab38712960316263006c526d52bf1a270fe33b6a,4,,
3004091,XGBoost,532,LOADABLE_FINITE_FORWARD,,/home/changliu/ExcitationNexus/12_Phase4_Multitask_OOD_Training/runs/gate2d2_frozen_molformer/v2_models/both_cold/B_MF_Full_RP512/model.json,500,,876fd36fcaf60b29aaac8541844a19555a7b004fe9aa161d8e2c3b491515b1d2,4,,
2690893,XGBoost,532,LOADABLE_FINITE_FORWARD,,/home/changliu/ExcitationNexus/12_Phase4_Multitask_OOD_Training/runs/gate2d2_frozen_molformer/v2_models/both_cold/C_MF_Role_RP512/model.json,500,,55ac69e7df86ac388a32366e732f2058cf220f4f34b444400352f678afc9b294,4,,
3086971,XGBoost,532,LOADABLE_FINITE_FORWARD,,/home/changliu/ExcitationNexus/12_Phase4_Multitask_OOD_Training/runs/gate2d2_frozen_molformer/v2_models/donor_cold/B_MF_Full_RP512/model.json,500,,e15e2be17875c3da51b099973b84ceff69b767bde014c9dae4ce91f499e6f666,4,,
2723917,XGBoost,532,LOADABLE_FINITE_FORWARD,,/home/changliu/ExcitationNexus/12_Phase4_Multitask_OOD_Training/runs/gate2d2_frozen_molformer/v2_models/donor_cold/C_MF_Role_RP512/model.json,500,,001ceb53733fdac65dc7da0390550f087325b6f302eb131d304522d5b62a9607,4,,
3158859,XGBoost,532,LOADABLE_FINITE_FORWARD,,/home/changliu/ExcitationNexus/12_Phase4_Multitask_OOD_Training/runs/gate2d2_frozen_molformer/v2_models/full_scaffold_cold/B_MF_Full_RP512/model.json,500,,d97109d28564065516cfe5577b426df8afe3625d9867d4b714f02c7704b020f2,4,,
2857364,XGBoost,532,LOADABLE_FINITE_FORWARD,,/home/changliu/ExcitationNexus/12_Phase4_Multitask_OOD_Training/runs/gate2d2_frozen_molformer/v2_models/full_scaffold_cold/C_MF_Role_RP512/model.json,500,,92c0a73809e5c80d99ec5992ff3f77fd70ab885c6e567c0b3bd2293a8c6705ff,4,,
3077258,XGBoost,532,LOADABLE_FINITE_FORWARD,,/home/changliu/ExcitationNexus/12_Phase4_Multitask_OOD_Training/runs/gate2d2_frozen_molformer/v2_models/iid/B_MF_Full_RP512/model.json,500,,523c53376206793835773012262ad817b70979043d217ec3abea60f8ffa961b1,4,,
2785777,XGBoost,532,LOADABLE_FINITE_FORWARD,,/home/changliu/ExcitationNexus/12_Phase4_Multitask_OOD_Training/runs/gate2d2_frozen_molformer/v2_models/iid/C_MF_Role_RP512/model.json,500,,edba10b44b7fae9c9b10be4cb4081495a8315c32056ab6f107ac7bfd0cc8eea9,4,,
3028263,XGBoost,532,LOADABLE_FINITE_FORWARD,,/home/changliu/ExcitationNexus/12_Phase4_Multitask_OOD_Training/runs/gate2d2_frozen_molformer/v2_models/pair_cold/B_MF_Full_RP512/model.json,500,,8e318b0a9be3d92f8386c1f3f12b0f4ca7b193a999a3dd19cf5fb09b2be5be2e,4,,
2854461,XGBoost,532,LOADABLE_FINITE_FORWARD,,/home/changliu/ExcitationNexus/12_Phase4_Multitask_OOD_Training/runs/gate2d2_frozen_molformer/v2_models/pair_cold/C_MF_Role_RP512/model.json,500,,04f6cc4f54aba14e5b5b4cf27cc8f8c445be1b60e7cb12a396114b605e6f326d,4,,
2681090,XGBoost,532,LOADABLE_FINITE_FORWARD,,/home/changliu/ExcitationNexus/12_Phase4_Multitask_OOD_Training/runs/gate3a1_prospective_scoring/models/bootstrap_20260721.json,500,,fd458edfd2e84b04e00b349e9dda01fdb948b267fe5f85ddb02599fb6d9d0e3a,4,,
2576521,XGBoost,532,LOADABLE_FINITE_FORWARD,,/home/changliu/ExcitationNexus/12_Phase4_Multitask_OOD_Training/runs/gate3a1_prospective_scoring/models/bootstrap_20260722.json,500,,7c1df0d267f76ac8045a85878b3caba24d3a88c0e87b3cf10cf546d5a2c8d08a,4,,
2620955,XGBoost,532,LOADABLE_FINITE_FORWARD,,/home/changliu/ExcitationNexus/12_Phase4_Multitask_OOD_Training/runs/gate3a1_prospective_scoring/models/bootstrap_20260723.json,500,,60188c682e0da7a9c0d5edf5dc0ce184b174c33755f444330521e3a1d4239525,4,,
2667775,XGBoost,532,LOADABLE_FINITE_FORWARD,,/home/changliu/ExcitationNexus/12_Phase4_Multitask_OOD_Training/runs/gate3a1_prospective_scoring/models/bootstrap_20260724.json,500,,c0e61f12e6e2e7155830ee9255f1c991b6082a8c651b1d151bb3b44f63a028be,4,,
2551924,XGBoost,532,LOADABLE_FINITE_FORWARD,,/home/changliu/ExcitationNexus/12_Phase4_Multitask_OOD_Training/runs/gate3a1_prospective_scoring/models/bootstrap_20260725.json,500,,fc3856ad94f6131e49275a6e6fe394cb434406735aceab3513556079295773e6,4,,
2627221,XGBoost,532,LOADABLE_FINITE_FORWARD,,/home/changliu/ExcitationNexus/12_Phase4_Multitask_OOD_Training/runs/gate3a1_prospective_scoring/models/bootstrap_20260726.json,500,,4ff3c44e82a1a4601184b9ed99f911cfe74ca8841bfb2f49738eab7a3a231002,4,,
2630119,XGBoost,532,LOADABLE_FINITE_FORWARD,,/home/changliu/ExcitationNexus/12_Phase4_Multitask_OOD_Training/runs/gate3a1_prospective_scoring/models/bootstrap_20260727.json,500,,281c4667274eb90226ab8bbd7cfd5a127fadf993057d17912fa101f9737ceda5,4,,
2541965,XGBoost,532,LOADABLE_FINITE_FORWARD,,/home/changliu/ExcitationNexus/12_Phase4_Multitask_OOD_Training/runs/gate3a1_prospective_scoring/models/bootstrap_20260728.json,500,,97ec13f8c4c8fef97c3c028673d1732cbe419757f7552dcc0a9bb0a38902b004,4,,
2632015,XGBoost,532,LOADABLE_FINITE_FORWARD,,/home/changliu/ExcitationNexus/12_Phase4_Multitask_OOD_Training/runs/gate3a1_prospective_scoring/models/bootstrap_20260729.json,500,,2757c903c768c175fe3f3b6add7ae838947d05f5024695dd4fc3298523231b66,4,,
2576760,XGBoost,532,LOADABLE_FINITE_FORWARD,,/home/changliu/ExcitationNexus/12_Phase4_Multitask_OOD_Training/runs/gate3a1_prospective_scoring/models/bootstrap_20260730.json,500,,dec34633b8adb7860ddc68f3e1d8e1aa658b3154b4520879b0d45f6e4c183bc0,4,,
2646060,XGBoost,532,LOADABLE_FINITE_FORWARD,,/home/changliu/ExcitationNexus/12_Phase4_Multitask_OOD_Training/runs/gate3a1_prospective_scoring/models/bootstrap_20260731.json,500,,0ea0f5caab70dc6b91a1c2161c2aea2c0004b7cd45619d4edf5f13a5a9098ceb,4,,
2624466,XGBoost,532,LOADABLE_FINITE_FORWARD,,/home/changliu/ExcitationNexus/12_Phase4_Multitask_OOD_Training/runs/gate3a1_prospective_scoring/models/bootstrap_20260732.json,500,,34bedeedac222e51723c33f886500041fcf5b5bbe19ea28fa567ff34588a4628,4,,
2612055,XGBoost,532,LOADABLE_FINITE_FORWARD,,/home/changliu/ExcitationNexus/12_Phase4_Multitask_OOD_Training/runs/gate3a1_prospective_scoring/models/bootstrap_20260733.json,500,,e612f37627c6288e77021f663916c41d7f0a3f28a34654431fc39fe63180511f,4,,
2662859,XGBoost,532,LOADABLE_FINITE_FORWARD,,/home/changliu/ExcitationNexus/12_Phase4_Multitask_OOD_Training/runs/gate3a1_prospective_scoring/models/bootstrap_20260734.json,500,,9c8b4acf4a844ec9bc36820173358f84ac8b2a85a374fd0688e21c138f4db9df,4,,
2587856,XGBoost,532,LOADABLE_FINITE_FORWARD,,/home/changliu/ExcitationNexus/12_Phase4_Multitask_OOD_Training/runs/gate3a1_prospective_scoring/models/bootstrap_20260735.json,500,,9786dd6a43c8fc60df1b17cd54bf56524fc9a5e5898f090cab938c571a5c1a70,4,,
2571011,XGBoost,532,LOADABLE_FINITE_FORWARD,,/home/changliu/ExcitationNexus/12_Phase4_Multitask_OOD_Training/runs/gate3a1_prospective_scoring/models/bootstrap_20260736.json,500,,398c37ca85b179de444ff434bdc17f39a03ed9299e97cde73d25f9dee02d2925,4,,
2629053,XGBoost,532,LOADABLE_FINITE_FORWARD,,/home/changliu/ExcitationNexus/12_Phase4_Multitask_OOD_Training/runs/gate3a1_prospective_scoring/models/bootstrap_20260737.json,500,,d826e93cb4904b9c416823d7cfa2448ab5f072d93e1228c4ff8374fb9e4d06ba,4,,
2552863,XGBoost,532,LOADABLE_FINITE_FORWARD,,/home/changliu/ExcitationNexus/12_Phase4_Multitask_OOD_Training/runs/gate3a1_prospective_scoring/models/bootstrap_20260738.json,500,,98068d4b282de31f851085f46b005066c0a4064e1410a184ccc5a456a6c8ec1d,4,,
2615347,XGBoost,532,LOADABLE_FINITE_FORWARD,,/home/changliu/ExcitationNexus/12_Phase4_Multitask_OOD_Training/runs/gate3a1_prospective_scoring/models/bootstrap_20260739.json,500,,5e741eac167ea2daab07bf3b8e11875f47c657d94635a5ec22fb1d8222f40c78,4,,
2629196,XGBoost,532,LOADABLE_FINITE_FORWARD,,/home/changliu/ExcitationNexus/12_Phase4_Multitask_OOD_Training/runs/gate3a1_prospective_scoring/models/bootstrap_20260740.json,500,,cc4fa6709ef36f58969eec9b77c75f9fe4cd0db8eab075a254a8da88973afab9,4,,
2775224,XGBoost,532,LOADABLE_FINITE_FORWARD,,/home/changliu/ExcitationNexus/12_Phase4_Multitask_OOD_Training/runs/gate3a1_prospective_scoring/models/final.json,500,,75261ab0ee696e9e011f81e9e5959f3dada7500e2fab4e756b819371c0a152d0,4,,
469200,m3_merged,,LOADABLE_FINITE_FORWARD,36689,/home/changliu/ExcitationNexus/12_Phase4_Multitask_OOD_Training/runs/gate1b3_m3_merged_seed42/best_checkpoint.pt,,,ac828c4b20977a0896e9c7200a1e9706ac1cf08639e4de1cd705596b0c010bfa,2,,
469200,m3_merged,,LOADABLE_FINITE_FORWARD,36689,/home/changliu/ExcitationNexus/12_Phase4_Multitask_OOD_Training/runs/gate1b3_m3_merged_seed123/best_checkpoint.pt,,,8de1a39fdd38f47fac7ce8b1f9046162deeac5e779b899d8a2289af5a1cc5da7,2,,
469200,m3_merged,,LOADABLE_FINITE_FORWARD,36689,/home/changliu/ExcitationNexus/12_Phase4_Multitask_OOD_Training/runs/gate1b3_m3_merged_seed456/best_checkpoint.pt,,,e400621ac7925de4684727b8dc6f21ef947d70f12cb840023447c4704e56c947,2,,
466128,m3_dau_shared,,LOADABLE_FINITE_FORWARD,36461,/home/changliu/ExcitationNexus/12_Phase4_Multitask_OOD_Training/runs/gate1b3_m3_dau_shared_seed42/best_checkpoint.pt,,,615de1762e3c6fdaa536538cd44f3631fbe395d5cd356ffabf0e61ce9fd06390,2,,
466128,m3_dau_shared,,LOADABLE_FINITE_FORWARD,36461,/home/changliu/ExcitationNexus/12_Phase4_Multitask_OOD_Training/runs/gate1b3_m3_dau_shared_seed123/best_checkpoint.pt,,,6cfe9a8b6ad0bb71f9f464c995b18da6e9ab4a1a4f054ed8aba203ed40e29a99,2,,
466128,m3_dau_shared,,LOADABLE_FINITE_FORWARD,36461,/home/changliu/ExcitationNexus/12_Phase4_Multitask_OOD_Training/runs/gate1b3_m3_dau_shared_seed456/best_checkpoint.pt,,,113e12956589244c24be78d9d18d68daee2e7d86aab6347818cfb5d8c28cf76a,2,,
7442253,physics_multitask,,LOADABLE_FINITE_FORWARD,1854220,/home/changliu/ExcitationNexus/12_Phase4_Multitask_OOD_Training/runs/gate2e1_physics_multitask/full_refit/acceptor_cold/M11/seed123/model.pt,,BLOCKED_RESULT_ASSET_ONLY,37afa5e274a20f06d7f7c84fb0e6651af30f4ad148ec19471b7ea46bbe121dc0,4,,
7442253,physics_multitask,,LOADABLE_FINITE_FORWARD,1854220,/home/changliu/ExcitationNexus/12_Phase4_Multitask_OOD_Training/runs/gate2e1_physics_multitask/full_refit/acceptor_cold/M11/seed42/model.pt,,BLOCKED_RESULT_ASSET_ONLY,ed6b8326691121d9d84b9c7b657eb89a8be7f93461863aa0d3e79e49dc72205a,4,,
7442253,physics_multitask,,LOADABLE_FINITE_FORWARD,1854220,/home/changliu/ExcitationNexus/12_Phase4_Multitask_OOD_Training/runs/gate2e1_physics_multitask/full_refit/acceptor_cold/M11/seed456/model.pt,,BLOCKED_RESULT_ASSET_ONLY,ace53219667214262f4a3d2a423e550aa74c432f5c2773dc8f2b7252b9a0523f,4,,
7977277,physics_multitask,,LOADABLE_FINITE_FORWARD,1986320,/home/changliu/ExcitationNexus/12_Phase4_Multitask_OOD_Training/runs/gate2e1_physics_multitask/full_refit/acceptor_cold/M15/seed123/model.pt,,BLOCKED_RESULT_ASSET_ONLY,3aed85d97a0e93d9d29da4b490707b0ece3e72044877431543059f2b9f4f9273,4,,
7977277,physics_multitask,,LOADABLE_FINITE_FORWARD,1986320,/home/changliu/ExcitationNexus/12_Phase4_Multitask_OOD_Training/runs/gate2e1_physics_multitask/full_refit/acceptor_cold/M15/seed42/model.pt,,BLOCKED_RESULT_ASSET_ONLY,675b4e6324e5b6dcaf5dd5f4d25b2ec51452303db7a5f81f844e677d5d034ffc,4,,
7977277,physics_multitask,,LOADABLE_FINITE_FORWARD,1986320,/home/changliu/ExcitationNexus/12_Phase4_Multitask_OOD_Training/runs/gate2e1_physics_multitask/full_refit/acceptor_cold/M15/seed456/model.pt,,BLOCKED_RESULT_ASSET_ONLY,54993de8b66e11ec8a916844eb63e0bcd623efce2feb994fb9e3979981ab0fb0,4,,
5972265,physics_multitask,,LOADABLE_FINITE_FORWARD,1490945,/home/changliu/ExcitationNexus/12_Phase4_Multitask_OOD_Training/runs/gate2e1_physics_multitask/full_refit/acceptor_cold/S0/seed123/model.pt,,BLOCKED_RESULT_ASSET_ONLY,adbfc0be1e68a7510e6cc53bc5749ba783f56d66ecc02d6a477706255a872aa3,4,,
5972265,physics_multitask,,LOADABLE_FINITE_FORWARD,1490945,/home/changliu/ExcitationNexus/12_Phase4_Multitask_OOD_Training/runs/gate2e1_physics_multitask/full_refit/acceptor_cold/S0/seed42/model.pt,,BLOCKED_RESULT_ASSET_ONLY,9a8cbdcbb198ecc83966960a9ec639a8144ec3e1e58628aca0cd7e32f9758ad4,4,,
5972265,physics_multitask,,LOADABLE_FINITE_FORWARD,1490945,/home/changliu/ExcitationNexus/12_Phase4_Multitask_OOD_Training/runs/gate2e1_physics_multitask/full_refit/acceptor_cold/S0/seed456/model.pt,,BLOCKED_RESULT_ASSET_ONLY,a5a280561abb65079df71d51f89625d8fbd149e9a89366d933fbe563254fc68c,4,,
7442253,physics_multitask,,LOADABLE_FINITE_FORWARD,1854220,/home/changliu/ExcitationNexus/12_Phase4_Multitask_OOD_Training/runs/gate2e1_physics_multitask/full_refit/iid/M11/seed123/model.pt,,BLOCKED_RESULT_ASSET_ONLY,c4adc7e5821be7013a4cb9c1a2562dbad72b9d4d56a96818d563896f267d5c49,4,,
7442253,physics_multitask,,LOADABLE_FINITE_FORWARD,1854220,/home/changliu/ExcitationNexus/12_Phase4_Multitask_OOD_Training/runs/gate2e1_physics_multitask/full_refit/iid/M11/seed42/model.pt,,BLOCKED_RESULT_ASSET_ONLY,4afa86f7064ec238aed8022e15bcab5397b27f3c7e6b02e454b92c699c61b43b,4,,
7442253,physics_multitask,,LOADABLE_FINITE_FORWARD,1854220,/home/changliu/ExcitationNexus/12_Phase4_Multitask_OOD_Training/runs/gate2e1_physics_multitask/full_refit/iid/M11/seed456/model.pt,,BLOCKED_RESULT_ASSET_ONLY,ba2b44eae4936ff6348009644093919a554b5682d149cd9f9eb6e1b01475c591,4,,
7977277,physics_multitask,,LOADABLE_FINITE_FORWARD,1986320,/home/changliu/ExcitationNexus/12_Phase4_Multitask_OOD_Training/runs/gate2e1_physics_multitask/full_refit/iid/M15/seed123/model.pt,,BLOCKED_RESULT_ASSET_ONLY,f7d12f8e0746d7ebb40b790edecf197fa709a78e1654935bc8b63aa622a9d1b5,4,,
7977277,physics_multitask,,LOADABLE_FINITE_FORWARD,1986320,/home/changliu/ExcitationNexus/12_Phase4_Multitask_OOD_Training/runs/gate2e1_physics_multitask/full_refit/iid/M15/seed42/model.pt,,BLOCKED_RESULT_ASSET_ONLY,d97b9dc775671adb32d9c5d2b3ca917827c6287d284cb90ae837b9b6a610c5b7,4,,
7977277,physics_multitask,,LOADABLE_FINITE_FORWARD,1986320,/home/changliu/ExcitationNexus/12_Phase4_Multitask_OOD_Training/runs/gate2e1_physics_multitask/full_refit/iid/M15/seed456/model.pt,,BLOCKED_RESULT_ASSET_ONLY,a057d7d73d2b7f43011c8725c45f0db2484657570b979a5b0e78dab07059c5c7,4,,
5972265,physics_multitask,,LOADABLE_FINITE_FORWARD,1490945,/home/changliu/ExcitationNexus/12_Phase4_Multitask_OOD_Training/runs/gate2e1_physics_multitask/full_refit/iid/S0/seed123/model.pt,,BLOCKED_RESULT_ASSET_ONLY,d6808b643ab2cece7307599217e2b5829a5fcbab7b87ed94f36ca25079fa873a,4,,
5972265,physics_multitask,,LOADABLE_FINITE_FORWARD,1490945,/home/changliu/ExcitationNexus/12_Phase4_Multitask_OOD_Training/runs/gate2e1_physics_multitask/full_refit/iid/S0/seed42/model.pt,,BLOCKED_RESULT_ASSET_ONLY,550c1f8cd777f29dc65d433811de98932573ff481182ee3cbf6d8cf5a6b14780,4,,
5972265,physics_multitask,,LOADABLE_FINITE_FORWARD,1490945,/home/changliu/ExcitationNexus/12_Phase4_Multitask_OOD_Training/runs/gate2e1_physics_multitask/full_refit/iid/S0/seed456/model.pt,,BLOCKED_RESULT_ASSET_ONLY,e54f10175df64257232f90b72796bfc48ecf89d82578ff267799ef5a3d5ea8f2,4,,
7446629,physics_multitask,,LOADABLE_FINITE_FORWARD,1854220,/home/changliu/ExcitationNexus/12_Phase4_Multitask_OOD_Training/runs/gate2e2a_multitask_crossfit/neural/acceptor_cold/fold0/M11/seed123/refit_checkpoint.pt,,TRAINING_ONLY_CROSSFIT,a62a1499682ef36abf2c5f0374a943b3fb084763096bb5cb2192218373f98ef8,4,,
7446629,physics_multitask,,LOADABLE_FINITE_FORWARD,1854220,/home/changliu/ExcitationNexus/12_Phase4_Multitask_OOD_Training/runs/gate2e2a_multitask_crossfit/neural/acceptor_cold/fold0/M11/seed42/refit_checkpoint.pt,,TRAINING_ONLY_CROSSFIT,cb6d73ce682249d82ce784f55056e604c6965650bcc26d91a882baebf5c48276,4,,
7446629,physics_multitask,,LOADABLE_FINITE_FORWARD,1854220,/home/changliu/ExcitationNexus/12_Phase4_Multitask_OOD_Training/runs/gate2e2a_multitask_crossfit/neural/acceptor_cold/fold0/M11/seed456/refit_checkpoint.pt,,TRAINING_ONLY_CROSSFIT,de1d3a46f3840b314a997c27748dbc8a4117f566418f2d89abbab87b5daf04bc,4,,
5973789,physics_multitask,,LOADABLE_FINITE_FORWARD,1490945,/home/changliu/ExcitationNexus/12_Phase4_Multitask_OOD_Training/runs/gate2e2a_multitask_crossfit/neural/acceptor_cold/fold0/S0/seed123/refit_checkpoint.pt,,TRAINING_ONLY_CROSSFIT,f765374ad5948067bc269f71da99274bceab0c9a36c50fe841bd3247c2afef42,4,,
5973789,physics_multitask,,LOADABLE_FINITE_FORWARD,1490945,/home/changliu/ExcitationNexus/12_Phase4_Multitask_OOD_Training/runs/gate2e2a_multitask_crossfit/neural/acceptor_cold/fold0/S0/seed42/refit_checkpoint.pt,,TRAINING_ONLY_CROSSFIT,b2215a82f3e83fcce5b4213cdd8ea852498272ae21f4b9981157defe149ce158,4,,
5973789,physics_multitask,,LOADABLE_FINITE_FORWARD,1490945,/home/changliu/ExcitationNexus/12_Phase4_Multitask_OOD_Training/runs/gate2e2a_multitask_crossfit/neural/acceptor_cold/fold0/S0/seed456/refit_checkpoint.pt,,TRAINING_ONLY_CROSSFIT,c0319f9a031d2cd330012f55de8fccb687b194f43fd0397c2a917f8c4cadf547,4,,
7446629,physics_multitask,,LOADABLE_FINITE_FORWARD,1854220,/home/changliu/ExcitationNexus/12_Phase4_Multitask_OOD_Training/runs/gate2e2a_multitask_crossfit/neural/acceptor_cold/fold1/M11/seed123/refit_checkpoint.pt,,TRAINING_ONLY_CROSSFIT,9bada16ac9ac25919aec37113ed8e5cef864405278853e387cf7841e07852efe,4,,
7446629,physics_multitask,,LOADABLE_FINITE_FORWARD,1854220,/home/changliu/ExcitationNexus/12_Phase4_Multitask_OOD_Training/runs/gate2e2a_multitask_crossfit/neural/acceptor_cold/fold1/M11/seed42/refit_checkpoint.pt,,TRAINING_ONLY_CROSSFIT,905c1a75c20080f723bd17d29205d9aa9dac2e28c7ee4e40c1e1e3e8ea70c279,4,,
7446629,physics_multitask,,LOADABLE_FINITE_FORWARD,1854220,/home/changliu/ExcitationNexus/12_Phase4_Multitask_OOD_Training/runs/gate2e2a_multitask_crossfit/neural/acceptor_cold/fold1/M11/seed456/refit_checkpoint.pt,,TRAINING_ONLY_CROSSFIT,9201f8e9c9ae89f3acad6790e8a214e1be42c0f46017e3c8590f0b074859ba60,4,,
5973789,physics_multitask,,LOADABLE_FINITE_FORWARD,1490945,/home/changliu/ExcitationNexus/12_Phase4_Multitask_OOD_Training/runs/gate2e2a_multitask_crossfit/neural/acceptor_cold/fold1/S0/seed123/refit_checkpoint.pt,,TRAINING_ONLY_CROSSFIT,a3b99ece4566a9bc8cd08dc6df15b01965d00b7a33a353f415e8a160117c9783,4,,
5973789,physics_multitask,,LOADABLE_FINITE_FORWARD,1490945,/home/changliu/ExcitationNexus/12_Phase4_Multitask_OOD_Training/runs/gate2e2a_multitask_crossfit/neural/acceptor_cold/fold1/S0/seed42/refit_checkpoint.pt,,TRAINING_ONLY_CROSSFIT,df457e023fbc2005abe785c10e41588e70829e27420d9dd742e8922878425a80,4,,
5973789,physics_multitask,,LOADABLE_FINITE_FORWARD,1490945,/home/changliu/ExcitationNexus/12_Phase4_Multitask_OOD_Training/runs/gate2e2a_multitask_crossfit/neural/acceptor_cold/fold1/S0/seed456/refit_checkpoint.pt,,TRAINING_ONLY_CROSSFIT,6d236595e2353159bdf397ac6fdf753f8cb44bbc9431d96de7bf31ea0e32a06b,4,,
7446629,physics_multitask,,LOADABLE_FINITE_FORWARD,1854220,/home/changliu/ExcitationNexus/12_Phase4_Multitask_OOD_Training/runs/gate2e2a_multitask_crossfit/neural/acceptor_cold/fold2/M11/seed123/refit_checkpoint.pt,,TRAINING_ONLY_CROSSFIT,6866c9ccbb09f8af605edf67ebb7228f1d26f05c1b312a79b1035d31a8f9a455,4,,
7446629,physics_multitask,,LOADABLE_FINITE_FORWARD,1854220,/home/changliu/ExcitationNexus/12_Phase4_Multitask_OOD_Training/runs/gate2e2a_multitask_crossfit/neural/acceptor_cold/fold2/M11/seed42/refit_checkpoint.pt,,TRAINING_ONLY_CROSSFIT,01a6af6bbc99b0f21f3e8656ec40a75c96622bcba2f2bbd8ac5bbe79860186d2,4,,
7446629,physics_multitask,,LOADABLE_FINITE_FORWARD,1854220,/home/changliu/ExcitationNexus/12_Phase4_Multitask_OOD_Training/runs/gate2e2a_multitask_crossfit/neural/acceptor_cold/fold2/M11/seed456/refit_checkpoint.pt,,TRAINING_ONLY_CROSSFIT,2b1de9fc2727e3f5e4c376c261946a35aeec8c87304bfd10a577458362956db1,4,,
5973789,physics_multitask,,LOADABLE_FINITE_FORWARD,1490945,/home/changliu/ExcitationNexus/12_Phase4_Multitask_OOD_Training/runs/gate2e2a_multitask_crossfit/neural/acceptor_cold/fold2/S0/seed123/refit_checkpoint.pt,,TRAINING_ONLY_CROSSFIT,a404a9bb5c6f51d4d1e8c2a42ddc35169a8d8ea499962b07c9a1f6b5a2669cbe,4,,
5973789,physics_multitask,,LOADABLE_FINITE_FORWARD,1490945,/home/changliu/ExcitationNexus/12_Phase4_Multitask_OOD_Training/runs/gate2e2a_multitask_crossfit/neural/acceptor_cold/fold2/S0/seed42/refit_checkpoint.pt,,TRAINING_ONLY_CROSSFIT,0be7e1bb538c52cf8e628d9f476f7dd02d3198a5dbf26c1a1e2b5ebcaac4ae63,4,,
5973789,physics_multitask,,LOADABLE_FINITE_FORWARD,1490945,/home/changliu/ExcitationNexus/12_Phase4_Multitask_OOD_Training/runs/gate2e2a_multitask_crossfit/neural/acceptor_cold/fold2/S0/seed456/refit_checkpoint.pt,,TRAINING_ONLY_CROSSFIT,746ba53344dbd084f94394ab3b6678beca1477c7bef1e56b178342bbd68d8566,4,,
7446629,physics_multitask,,LOADABLE_FINITE_FORWARD,1854220,/home/changliu/ExcitationNexus/12_Phase4_Multitask_OOD_Training/runs/gate2e2a_multitask_crossfit/neural/acceptor_cold/fold3/M11/seed123/refit_checkpoint.pt,,TRAINING_ONLY_CROSSFIT,5895eb973d9c3d313e5a88171a8040f173ff9998f98da74f95919007c0db4831,4,,
7446629,physics_multitask,,LOADABLE_FINITE_FORWARD,1854220,/home/changliu/ExcitationNexus/12_Phase4_Multitask_OOD_Training/runs/gate2e2a_multitask_crossfit/neural/acceptor_cold/fold3/M11/seed42/refit_checkpoint.pt,,TRAINING_ONLY_CROSSFIT,a7140872a92a7de9e0a07bb60a880a7305acc61fb685612a59d5938f4e6b7e82,4,,
7446629,physics_multitask,,LOADABLE_FINITE_FORWARD,1854220,/home/changliu/ExcitationNexus/12_Phase4_Multitask_OOD_Training/runs/gate2e2a_multitask_crossfit/neural/acceptor_cold/fold3/M11/seed456/refit_checkpoint.pt,,TRAINING_ONLY_CROSSFIT,d75baf9b50dacb4044caba7d3408261b7c4798ef043f50564eb4eb3660a727a6,4,,
5973789,physics_multitask,,LOADABLE_FINITE_FORWARD,1490945,/home/changliu/ExcitationNexus/12_Phase4_Multitask_OOD_Training/runs/gate2e2a_multitask_crossfit/neural/acceptor_cold/fold3/S0/seed123/refit_checkpoint.pt,,TRAINING_ONLY_CROSSFIT,4289413fb6d2d2a83987d9def39528fba6b4e0a9c4621b6cf7e408ee23eba3fa,4,,
5973789,physics_multitask,,LOADABLE_FINITE_FORWARD,1490945,/home/changliu/ExcitationNexus/12_Phase4_Multitask_OOD_Training/runs/gate2e2a_multitask_crossfit/neural/acceptor_cold/fold3/S0/seed42/refit_checkpoint.pt,,TRAINING_ONLY_CROSSFIT,2c8ed6f3212f672cabbee9cb52f571cc8a2e57d159ec6faebae6c7d5ec9aee95,4,,
5973789,physics_multitask,,LOADABLE_FINITE_FORWARD,1490945,/home/changliu/ExcitationNexus/12_Phase4_Multitask_OOD_Training/runs/gate2e2a_multitask_crossfit/neural/acceptor_cold/fold3/S0/seed456/refit_checkpoint.pt,,TRAINING_ONLY_CROSSFIT,23a9ce7de6e4f53e697af333d326f42c9e40d8747ca228e35b5a077aa010b406,4,,
7446629,physics_multitask,,LOADABLE_FINITE_FORWARD,1854220,/home/changliu/ExcitationNexus/12_Phase4_Multitask_OOD_Training/runs/gate2e2a_multitask_crossfit/neural/acceptor_cold/fold4/M11/seed123/refit_checkpoint.pt,,TRAINING_ONLY_CROSSFIT,3236222349873dce7e938878be65fd341388c8cd92414674c531fba5685fcbb0,4,,
7446629,physics_multitask,,LOADABLE_FINITE_FORWARD,1854220,/home/changliu/ExcitationNexus/12_Phase4_Multitask_OOD_Training/runs/gate2e2a_multitask_crossfit/neural/acceptor_cold/fold4/M11/seed42/refit_checkpoint.pt,,TRAINING_ONLY_CROSSFIT,517002833f31431f5ea42e207978daceded7ca7e2cb61929b167731274150600,4,,
7446629,physics_multitask,,LOADABLE_FINITE_FORWARD,1854220,/home/changliu/ExcitationNexus/12_Phase4_Multitask_OOD_Training/runs/gate2e2a_multitask_crossfit/neural/acceptor_cold/fold4/M11/seed456/refit_checkpoint.pt,,TRAINING_ONLY_CROSSFIT,f35b27a605cdc0282274edf172e8dfe15cc9a0897f36d2da6c3320f855d94d8d,4,,
5973789,physics_multitask,,LOADABLE_FINITE_FORWARD,1490945,/home/changliu/ExcitationNexus/12_Phase4_Multitask_OOD_Training/runs/gate2e2a_multitask_crossfit/neural/acceptor_cold/fold4/S0/seed123/refit_checkpoint.pt,,TRAINING_ONLY_CROSSFIT,a62228e0b77a69143c3b6f356d10bbf7503d69837df3d2f37682917671f6a808,4,,
5973789,physics_multitask,,LOADABLE_FINITE_FORWARD,1490945,/home/changliu/ExcitationNexus/12_Phase4_Multitask_OOD_Training/runs/gate2e2a_multitask_crossfit/neural/acceptor_cold/fold4/S0/seed42/refit_checkpoint.pt,,TRAINING_ONLY_CROSSFIT,20e5fad25b8cf57bc9a3ee51e6aba18bec41d19f79a125ec85fbc1117fe3c2f8,4,,
5973789,physics_multitask,,LOADABLE_FINITE_FORWARD,1490945,/home/changliu/ExcitationNexus/12_Phase4_Multitask_OOD_Training/runs/gate2e2a_multitask_crossfit/neural/acceptor_cold/fold4/S0/seed456/refit_checkpoint.pt,,TRAINING_ONLY_CROSSFIT,4f46b25a0dc3ad4910d475d57ffb224b9de7960e909131e5238c1c58cc11e69b,4,,
7446629,physics_multitask,,LOADABLE_FINITE_FORWARD,1854220,/home/changliu/ExcitationNexus/12_Phase4_Multitask_OOD_Training/runs/gate2e2a_multitask_crossfit/neural/iid/fold0/M11/seed123/refit_checkpoint.pt,,TRAINING_ONLY_CROSSFIT,bacf00e170d39a9a9738615723ab6f4e89ab888e602f3f4b5dad7c611f8b5020,4,,
7446629,physics_multitask,,LOADABLE_FINITE_FORWARD,1854220,/home/changliu/ExcitationNexus/12_Phase4_Multitask_OOD_Training/runs/gate2e2a_multitask_crossfit/neural/iid/fold0/M11/seed42/refit_checkpoint.pt,,TRAINING_ONLY_CROSSFIT,9a928a52f39b863eaabbb16f67032aa5416b525cdec1b92a524036af657b4201,4,,
7446629,physics_multitask,,LOADABLE_FINITE_FORWARD,1854220,/home/changliu/ExcitationNexus/12_Phase4_Multitask_OOD_Training/runs/gate2e2a_multitask_crossfit/neural/iid/fold0/M11/seed456/refit_checkpoint.pt,,TRAINING_ONLY_CROSSFIT,1cca6b2858328e05ccb529d5651a711540ac9e355f3566733625ca2faef51d96,4,,
5973789,physics_multitask,,LOADABLE_FINITE_FORWARD,1490945,/home/changliu/ExcitationNexus/12_Phase4_Multitask_OOD_Training/runs/gate2e2a_multitask_crossfit/neural/iid/fold0/S0/seed123/refit_checkpoint.pt,,TRAINING_ONLY_CROSSFIT,57a3bc9353350672c2f5ca7d7de3c96087da3b8c37afb941d4f192c6f3725ef7,4,,
5973789,physics_multitask,,LOADABLE_FINITE_FORWARD,1490945,/home/changliu/ExcitationNexus/12_Phase4_Multitask_OOD_Training/runs/gate2e2a_multitask_crossfit/neural/iid/fold0/S0/seed42/refit_checkpoint.pt,,TRAINING_ONLY_CROSSFIT,cabdfc27d58d1563e598e499ba8447f48999da6cddcd30f8200a530a4e073945,4,,
5973789,physics_multitask,,LOADABLE_FINITE_FORWARD,1490945,/home/changliu/ExcitationNexus/12_Phase4_Multitask_OOD_Training/runs/gate2e2a_multitask_crossfit/neural/iid/fold0/S0/seed456/refit_checkpoint.pt,,TRAINING_ONLY_CROSSFIT,00e42469f02ac2314207144e3b28f4bad596bea53374eb45164272ea57262427,4,,
7446629,physics_multitask,,LOADABLE_FINITE_FORWARD,1854220,/home/changliu/ExcitationNexus/12_Phase4_Multitask_OOD_Training/runs/gate2e2a_multitask_crossfit/neural/iid/fold1/M11/seed123/refit_checkpoint.pt,,TRAINING_ONLY_CROSSFIT,9cbd533756715d5824048744aa538bcb617e504c88a6d5e8b16cb349937ac9af,4,,
7446629,physics_multitask,,LOADABLE_FINITE_FORWARD,1854220,/home/changliu/ExcitationNexus/12_Phase4_Multitask_OOD_Training/runs/gate2e2a_multitask_crossfit/neural/iid/fold1/M11/seed42/refit_checkpoint.pt,,TRAINING_ONLY_CROSSFIT,81556ea6935103ab21d06d3300d2e104f15272b2bfe276801e00422bbe16f3e6,4,,
7446629,physics_multitask,,LOADABLE_FINITE_FORWARD,1854220,/home/changliu/ExcitationNexus/12_Phase4_Multitask_OOD_Training/runs/gate2e2a_multitask_crossfit/neural/iid/fold1/M11/seed456/refit_checkpoint.pt,,TRAINING_ONLY_CROSSFIT,bd1e6c2123ba79f75faa3a78831a50a0bafd7af5ee8fe7e88523864b91e8607d,4,,
5973789,physics_multitask,,LOADABLE_FINITE_FORWARD,1490945,/home/changliu/ExcitationNexus/12_Phase4_Multitask_OOD_Training/runs/gate2e2a_multitask_crossfit/neural/iid/fold1/S0/seed123/refit_checkpoint.pt,,TRAINING_ONLY_CROSSFIT,fa12d5b7ca98eca85c71711409fc0420d747c99d4bd702d91664a48f75138a80,4,,
5973789,physics_multitask,,LOADABLE_FINITE_FORWARD,1490945,/home/changliu/ExcitationNexus/12_Phase4_Multitask_OOD_Training/runs/gate2e2a_multitask_crossfit/neural/iid/fold1/S0/seed42/refit_checkpoint.pt,,TRAINING_ONLY_CROSSFIT,3f8fa3b85d894c31f02c64945a666c36ce953a7b97fa1f3ee6cc0b5ff9819a9c,4,,
5973789,physics_multitask,,LOADABLE_FINITE_FORWARD,1490945,/home/changliu/ExcitationNexus/12_Phase4_Multitask_OOD_Training/runs/gate2e2a_multitask_crossfit/neural/iid/fold1/S0/seed456/refit_checkpoint.pt,,TRAINING_ONLY_CROSSFIT,c3fe75d13d841f5f08f9e1a1c55bb40bc0f422a5483baddef23a29a3d1e8b793,4,,
7446629,physics_multitask,,LOADABLE_FINITE_FORWARD,1854220,/home/changliu/ExcitationNexus/12_Phase4_Multitask_OOD_Training/runs/gate2e2a_multitask_crossfit/neural/iid/fold2/M11/seed123/refit_checkpoint.pt,,TRAINING_ONLY_CROSSFIT,e0ea089d09b4340ceb793f9b192b1830e221b95d4d4289d003f08b732d682e61,4,,
7446629,physics_multitask,,LOADABLE_FINITE_FORWARD,1854220,/home/changliu/ExcitationNexus/12_Phase4_Multitask_OOD_Training/runs/gate2e2a_multitask_crossfit/neural/iid/fold2/M11/seed42/refit_checkpoint.pt,,TRAINING_ONLY_CROSSFIT,7f0aef4268895ae6cc10d26b04401f4a1b9a77d6d5869988bedb7bb2b6c16693,4,,
7446629,physics_multitask,,LOADABLE_FINITE_FORWARD,1854220,/home/changliu/ExcitationNexus/12_Phase4_Multitask_OOD_Training/runs/gate2e2a_multitask_crossfit/neural/iid/fold2/M11/seed456/refit_checkpoint.pt,,TRAINING_ONLY_CROSSFIT,42b7036a4c6d6605f9df237a1c27040308dc119b30ec05c0c85da6a62158cbf3,4,,
5973789,physics_multitask,,LOADABLE_FINITE_FORWARD,1490945,/home/changliu/ExcitationNexus/12_Phase4_Multitask_OOD_Training/runs/gate2e2a_multitask_crossfit/neural/iid/fold2/S0/seed123/refit_checkpoint.pt,,TRAINING_ONLY_CROSSFIT,a253b4fd1c9e2b99b4c1b29be9e95f64ce23a5e21daa77926c7ba73927bfe574,4,,
5973789,physics_multitask,,LOADABLE_FINITE_FORWARD,1490945,/home/changliu/ExcitationNexus/12_Phase4_Multitask_OOD_Training/runs/gate2e2a_multitask_crossfit/neural/iid/fold2/S0/seed42/refit_checkpoint.pt,,TRAINING_ONLY_CROSSFIT,da320e0dc19fb89e7669d4e50f232d837cbc94515342b78a588cf1c8a7ef4e2e,4,,
5973789,physics_multitask,,LOADABLE_FINITE_FORWARD,1490945,/home/changliu/ExcitationNexus/12_Phase4_Multitask_OOD_Training/runs/gate2e2a_multitask_crossfit/neural/iid/fold2/S0/seed456/refit_checkpoint.pt,,TRAINING_ONLY_CROSSFIT,461cc5f4b3a802bd29209495e980dfbde08cb753661342c557f460f243f7aca1,4,,
7446629,physics_multitask,,LOADABLE_FINITE_FORWARD,1854220,/home/changliu/ExcitationNexus/12_Phase4_Multitask_OOD_Training/runs/gate2e2a_multitask_crossfit/neural/iid/fold3/M11/seed123/refit_checkpoint.pt,,TRAINING_ONLY_CROSSFIT,fccdce18a8dea62cf07b058d7a49683434ecafb3892b7be52cb5bd50efa81636,4,,
7446629,physics_multitask,,LOADABLE_FINITE_FORWARD,1854220,/home/changliu/ExcitationNexus/12_Phase4_Multitask_OOD_Training/runs/gate2e2a_multitask_crossfit/neural/iid/fold3/M11/seed42/refit_checkpoint.pt,,TRAINING_ONLY_CROSSFIT,2e0285b98e6ebab6d78563d5f4e03b3ee2bed71e471d94c8168300fe79cb2b86,4,,
7446629,physics_multitask,,LOADABLE_FINITE_FORWARD,1854220,/home/changliu/ExcitationNexus/12_Phase4_Multitask_OOD_Training/runs/gate2e2a_multitask_crossfit/neural/iid/fold3/M11/seed456/refit_checkpoint.pt,,TRAINING_ONLY_CROSSFIT,6509609622aaed2efba8e698c7c5cb633640233471e68722fb74d3dfbfbb5fe0,4,,
5973789,physics_multitask,,LOADABLE_FINITE_FORWARD,1490945,/home/changliu/ExcitationNexus/12_Phase4_Multitask_OOD_Training/runs/gate2e2a_multitask_crossfit/neural/iid/fold3/S0/seed123/refit_checkpoint.pt,,TRAINING_ONLY_CROSSFIT,bb40b7d4f6a9e7fd7aa6cb0e90d0039b957bb84ea5640fd6129a0d5b59b35f32,4,,
5973789,physics_multitask,,LOADABLE_FINITE_FORWARD,1490945,/home/changliu/ExcitationNexus/12_Phase4_Multitask_OOD_Training/runs/gate2e2a_multitask_crossfit/neural/iid/fold3/S0/seed42/refit_checkpoint.pt,,TRAINING_ONLY_CROSSFIT,7e1762838d60c9334845bdec7df2ac388784d23b88a9deb5377ce96d8429e436,4,,
5973789,physics_multitask,,LOADABLE_FINITE_FORWARD,1490945,/home/changliu/ExcitationNexus/12_Phase4_Multitask_OOD_Training/runs/gate2e2a_multitask_crossfit/neural/iid/fold3/S0/seed456/refit_checkpoint.pt,,TRAINING_ONLY_CROSSFIT,61486808e3303b8e89cfe926e08dd2528e957fe4afd33c8c4faabb814d9c1abb,4,,
7446629,physics_multitask,,LOADABLE_FINITE_FORWARD,1854220,/home/changliu/ExcitationNexus/12_Phase4_Multitask_OOD_Training/runs/gate2e2a_multitask_crossfit/neural/iid/fold4/M11/seed123/refit_checkpoint.pt,,TRAINING_ONLY_CROSSFIT,63ec5eeb1fc56a36e3e31bfd985047073dfd197456fd53b44e808a8dc9d0e7e0,4,,
7446629,physics_multitask,,LOADABLE_FINITE_FORWARD,1854220,/home/changliu/ExcitationNexus/12_Phase4_Multitask_OOD_Training/runs/gate2e2a_multitask_crossfit/neural/iid/fold4/M11/seed42/refit_checkpoint.pt,,TRAINING_ONLY_CROSSFIT,0460fef379d00ad4f52028b65eeade44e8b75a77bb6481245d01d7b774d19579,4,,
7446629,physics_multitask,,LOADABLE_FINITE_FORWARD,1854220,/home/changliu/ExcitationNexus/12_Phase4_Multitask_OOD_Training/runs/gate2e2a_multitask_crossfit/neural/iid/fold4/M11/seed456/refit_checkpoint.pt,,TRAINING_ONLY_CROSSFIT,c7cfcc55d46a1679e18960a92afa137f080d0b86a91fc48dc7c77de204ec7457,4,,
5973789,physics_multitask,,LOADABLE_FINITE_FORWARD,1490945,/home/changliu/ExcitationNexus/12_Phase4_Multitask_OOD_Training/runs/gate2e2a_multitask_crossfit/neural/iid/fold4/S0/seed123/refit_checkpoint.pt,,TRAINING_ONLY_CROSSFIT,6cf7f2e9f6ec5673d85d061fc62f5a296262e951107ff599f537e5b9e1175173,4,,
5973789,physics_multitask,,LOADABLE_FINITE_FORWARD,1490945,/home/changliu/ExcitationNexus/12_Phase4_Multitask_OOD_Training/runs/gate2e2a_multitask_crossfit/neural/iid/fold4/S0/seed42/refit_checkpoint.pt,,TRAINING_ONLY_CROSSFIT,f2d5065c153a9885019cdcc18c916a7710a9eb6123406a072ef8aadbdc418611,4,,
5973789,physics_multitask,,LOADABLE_FINITE_FORWARD,1490945,/home/changliu/ExcitationNexus/12_Phase4_Multitask_OOD_Training/runs/gate2e2a_multitask_crossfit/neural/iid/fold4/S0/seed456/refit_checkpoint.pt,,TRAINING_ONLY_CROSSFIT,08a90819a01a6890a32bbc8d09df956207ea155ca53e292e7ae012b4c6f82fea,4,,
4375143,b2_1_seed42,,LOADABLE_STATE_DICT_PRIOR_INFERENCE_EVIDENCE,,/home/changliu/ExcitationNexus/equiformer_v3_model/checkpoints/2026-04-25-05-26-24/best_checkpoint.pt,,,d32a9fd6f9f5ff2064955b3cc007128cdb47d2b6caa63426eae50abb398795af,0,186,1075318
25919229,b2_1_seed123,,LOADABLE_STATE_DICT_PRIOR_INFERENCE_EVIDENCE,,/home/changliu/ExcitationNexus/equiformer_v3_model/checkpoints/2026-04-25-09-33-52/checkpoint.pt,,,9076765f5e9ccfa83ac08c3af9dda198a9c71c515b5f73c7707ff97b43dac903,0,186,1075318
4375143,b2_1_seed456,,LOADABLE_STATE_DICT_PRIOR_INFERENCE_EVIDENCE,,/home/changliu/ExcitationNexus/equiformer_v3_model/checkpoints/2026-04-25-09-33-52/best_checkpoint.pt,,,e09404d0cc38f3b90c3ce4073b3a64b45087b59c03079f78b64578bf7cbd8ddc,0,186,1075318
4343987,b2_2a_seed42,,LOADABLE_STATE_DICT_PRIOR_INFERENCE_EVIDENCE,,/home/changliu/ExcitationNexus/equiformer_v3_model/checkpoints/2026-04-26-04-07-28-b2_2a_seed42_full/best_checkpoint.pt,,,c5ce3f170cb707af448ddbf1d3bed84c06c071c938e3f79ec924b758fcd7ba6a,0,188,1067318
1749189,XGBoost-UBJ,532,LOADABLE_FINITE_FORWARD,,/home/changliu/ExcitationNexus/12_Phase4_Multitask_OOD_Training/runs/gate2e2a_multitask_crossfit/xgb/acceptor_cold/fold0/model.ubj,500,,b9150839e67b010db01a0298d77ab065a73e2116b5fcd8c5550123f3ce1e26e8,4,,
1750763,XGBoost-UBJ,532,LOADABLE_FINITE_FORWARD,,/home/changliu/ExcitationNexus/12_Phase4_Multitask_OOD_Training/runs/gate2e2a_multitask_crossfit/xgb/acceptor_cold/fold1/model.ubj,500,,84b9bb1470a22d960049b1b0871d7929e7a5c0e2fafff5cffa87537778b3ec99,4,,
1731710,XGBoost-UBJ,532,LOADABLE_FINITE_FORWARD,,/home/changliu/ExcitationNexus/12_Phase4_Multitask_OOD_Training/runs/gate2e2a_multitask_crossfit/xgb/acceptor_cold/fold2/model.ubj,500,,9b4e678fc6ca1d1e6ca95e265462b16d0a6ed111d30b3d2d86d3163c49a1b36e,4,,
1724307,XGBoost-UBJ,532,LOADABLE_FINITE_FORWARD,,/home/changliu/ExcitationNexus/12_Phase4_Multitask_OOD_Training/runs/gate2e2a_multitask_crossfit/xgb/acceptor_cold/fold3/model.ubj,500,,d8fcbd46cf18f501be6f249215ac2ff2b32ec6f89591822d0a83106a7074bfaf,4,,
1755867,XGBoost-UBJ,532,LOADABLE_FINITE_FORWARD,,/home/changliu/ExcitationNexus/12_Phase4_Multitask_OOD_Training/runs/gate2e2a_multitask_crossfit/xgb/acceptor_cold/fold4/model.ubj,500,,34fb4b4268e2b441b0fbf690508afbfb69b74bb93cbc9d6f7eb3b4aee673b162,4,,
1801924,XGBoost-UBJ,532,LOADABLE_FINITE_FORWARD,,/home/changliu/ExcitationNexus/12_Phase4_Multitask_OOD_Training/runs/gate2e2a_multitask_crossfit/xgb/iid/fold0/model.ubj,500,,fd88e8e19949f34c8b8ed70b259a3df242ee32ec9ac36965b29a8a3d49864309,4,,
1785653,XGBoost-UBJ,532,LOADABLE_FINITE_FORWARD,,/home/changliu/ExcitationNexus/12_Phase4_Multitask_OOD_Training/runs/gate2e2a_multitask_crossfit/xgb/iid/fold1/model.ubj,500,,4dd09b291a1b35bf7e88e8e5dacf7902e38effa430586e5d7c016c93202ea3ef,4,,
1746340,XGBoost-UBJ,532,LOADABLE_FINITE_FORWARD,,/home/changliu/ExcitationNexus/12_Phase4_Multitask_OOD_Training/runs/gate2e2a_multitask_crossfit/xgb/iid/fold2/model.ubj,500,,72df83fef72109bd8b48dcbff12fb4aa990d123aabf67c79bc667e5428394c6a,4,,
1798932,XGBoost-UBJ,532,LOADABLE_FINITE_FORWARD,,/home/changliu/ExcitationNexus/12_Phase4_Multitask_OOD_Training/runs/gate2e2a_multitask_crossfit/xgb/iid/fold3/model.ubj,500,,718f93a27b649d369b509e670ab722c911331311975602784e6025384418da70,4,,
1840135,XGBoost-UBJ,532,LOADABLE_FINITE_FORWARD,,/home/changliu/ExcitationNexus/12_Phase4_Multitask_OOD_Training/runs/gate2e2a_multitask_crossfit/xgb/iid/fold4/model.ubj,500,,f8a2ddfeb61a276ec5e6a739c3575dc81564d80de64fd70ed79ab6e352bbd7b6,4,,
1749189,XGBoost-UBJ,532,LOADABLE_FINITE_FORWARD,,/home/changliu/ExcitationNexus/12_Phase4_Multitask_OOD_Training/runs/gate2f1_multifidelity_delta_crossfit/acceptor_cold/fold0/C0/model.ubj,500,,c8663191bdaa10fcde0b35ab6aaad425c9c265d30ffc6fd71d29f72fcb6631a6,4,,
1760957,XGBoost-UBJ,535,LOADABLE_FINITE_FORWARD,,/home/changliu/ExcitationNexus/12_Phase4_Multitask_OOD_Training/runs/gate2f1_multifidelity_delta_crossfit/acceptor_cold/fold0/DELTA_3/model.ubj,500,,cb39b8ac7e5db9afa24fb5d9e456bc107b1ad6bf282fb62714639f5b031a4f35,4,,
1843147,XGBoost-UBJ,538,LOADABLE_FINITE_FORWARD,,/home/changliu/ExcitationNexus/12_Phase4_Multitask_OOD_Training/runs/gate2f1_multifidelity_delta_crossfit/acceptor_cold/fold0/DELTA_6/model.ubj,500,,a6028247c8ef1de7be94f463cc80ca689ae8d35b99766e42288cca894d3875ad,4,,
1832668,XGBoost-UBJ,535,LOADABLE_FINITE_FORWARD,,/home/changliu/ExcitationNexus/12_Phase4_Multitask_OOD_Training/runs/gate2f1_multifidelity_delta_crossfit/acceptor_cold/fold0/DFT_3/model.ubj,500,,60abb3790a33fe7c855c21adf45bc3770d7d04b97dd4e870eb394929ac31f670,4,,
1836889,XGBoost-UBJ,538,LOADABLE_FINITE_FORWARD,,/home/changliu/ExcitationNexus/12_Phase4_Multitask_OOD_Training/runs/gate2f1_multifidelity_delta_crossfit/acceptor_cold/fold0/PAIR_6/model.ubj,500,,36dc486bdd83bb99e4e7c0f909513a46f27f117b1fecaaadbfbbe512f82e68ef,4,,
1826341,XGBoost-UBJ,535,LOADABLE_FINITE_FORWARD,,/home/changliu/ExcitationNexus/12_Phase4_Multitask_OOD_Training/runs/gate2f1_multifidelity_delta_crossfit/acceptor_cold/fold0/PM6_3/model.ubj,500,,e97efc70f46d64b9636ce128cc9a33ea66e9de52161023a99514d15e69fb2437,4,,
1735111,XGBoost-UBJ,541,LOADABLE_FINITE_FORWARD,,/home/changliu/ExcitationNexus/12_Phase4_Multitask_OOD_Training/runs/gate2f1_multifidelity_delta_crossfit/acceptor_cold/fold0/ROLE_9/model.ubj,500,,c9fae2b7c35aede987a98b13c4b4f867ea8daaf4aec1206d30f1da5230d58c29,4,,
1750763,XGBoost-UBJ,532,LOADABLE_FINITE_FORWARD,,/home/changliu/ExcitationNexus/12_Phase4_Multitask_OOD_Training/runs/gate2f1_multifidelity_delta_crossfit/acceptor_cold/fold1/C0/model.ubj,500,,ec56a77ce30635936b44a9e45dbafaf38edf44ff589967671dc89657b92f6a7d,4,,
1761516,XGBoost-UBJ,535,LOADABLE_FINITE_FORWARD,,/home/changliu/ExcitationNexus/12_Phase4_Multitask_OOD_Training/runs/gate2f1_multifidelity_delta_crossfit/acceptor_cold/fold1/DELTA_3/model.ubj,500,,d75a1de32e85fbce6a678fb7304f884c24002422b9db4e2c89344c5f4735d057,4,,
1806823,XGBoost-UBJ,538,LOADABLE_FINITE_FORWARD,,/home/changliu/ExcitationNexus/12_Phase4_Multitask_OOD_Training/runs/gate2f1_multifidelity_delta_crossfit/acceptor_cold/fold1/DELTA_6/model.ubj,500,,013f4f81e851191961172b1c8113aae3aaa213cf74b34d97706c641176d89e2a,4,,
1800420,XGBoost-UBJ,535,LOADABLE_FINITE_FORWARD,,/home/changliu/ExcitationNexus/12_Phase4_Multitask_OOD_Training/runs/gate2f1_multifidelity_delta_crossfit/acceptor_cold/fold1/DFT_3/model.ubj,500,,5582b2da196ee278696773a14e8b215dc692ba8849402287942d95f5db6d1a81,4,,
1840764,XGBoost-UBJ,538,LOADABLE_FINITE_FORWARD,,/home/changliu/ExcitationNexus/12_Phase4_Multitask_OOD_Training/runs/gate2f1_multifidelity_delta_crossfit/acceptor_cold/fold1/PAIR_6/model.ubj,500,,baf1b687b0e2cc7022c1f7e5bfd29115b051ce21c3a08ececaaa7ee33666bdc4,4,,
1804222,XGBoost-UBJ,535,LOADABLE_FINITE_FORWARD,,/home/changliu/ExcitationNexus/12_Phase4_Multitask_OOD_Training/runs/gate2f1_multifidelity_delta_crossfit/acceptor_cold/fold1/PM6_3/model.ubj,500,,ab0ca2225edc1c337df4c35557fa93327531206badf194afabb5a21d5e7c0211,4,,
1712678,XGBoost-UBJ,541,LOADABLE_FINITE_FORWARD,,/home/changliu/ExcitationNexus/12_Phase4_Multitask_OOD_Training/runs/gate2f1_multifidelity_delta_crossfit/acceptor_cold/fold1/ROLE_9/model.ubj,500,,334f7f7415aa4e50fc3bbf3c61a740191b44efa4633bc9ce74a815f31b7931b6,4,,
1731710,XGBoost-UBJ,532,LOADABLE_FINITE_FORWARD,,/home/changliu/ExcitationNexus/12_Phase4_Multitask_OOD_Training/runs/gate2f1_multifidelity_delta_crossfit/acceptor_cold/fold2/C0/model.ubj,500,,23f8ca5830d9e5cc650d3670f9d65ce606cadf21a74e5345390c03c87912dd85,4,,
1816540,XGBoost-UBJ,535,LOADABLE_FINITE_FORWARD,,/home/changliu/ExcitationNexus/12_Phase4_Multitask_OOD_Training/runs/gate2f1_multifidelity_delta_crossfit/acceptor_cold/fold2/DELTA_3/model.ubj,500,,c7688ef834570786e5c6948939d4541d97c4732824fdf75fb10fa2bd4ed6bb6f,4,,
1825857,XGBoost-UBJ,538,LOADABLE_FINITE_FORWARD,,/home/changliu/ExcitationNexus/12_Phase4_Multitask_OOD_Training/runs/gate2f1_multifidelity_delta_crossfit/acceptor_cold/fold2/DELTA_6/model.ubj,500,,23654f4128372723f4ed876447fa33b002b558dbe61a6aa9c2c5379c90a4b139,4,,
1799597,XGBoost-UBJ,535,LOADABLE_FINITE_FORWARD,,/home/changliu/ExcitationNexus/12_Phase4_Multitask_OOD_Training/runs/gate2f1_multifidelity_delta_crossfit/acceptor_cold/fold2/DFT_3/model.ubj,500,,4fb63b7fc33089f1b1f0db040f96e787c3e2b67e67cf010573be50da5bf62bc4,4,,
1874083,XGBoost-UBJ,538,LOADABLE_FINITE_FORWARD,,/home/changliu/ExcitationNexus/12_Phase4_Multitask_OOD_Training/runs/gate2f1_multifidelity_delta_crossfit/acceptor_cold/fold2/PAIR_6/model.ubj,500,,74067ba28d7a11fccb6dea6cdfa9acf4054222e82f457688251ccdf4410c6a8a,4,,
1838103,XGBoost-UBJ,535,LOADABLE_FINITE_FORWARD,,/home/changliu/ExcitationNexus/12_Phase4_Multitask_OOD_Training/runs/gate2f1_multifidelity_delta_crossfit/acceptor_cold/fold2/PM6_3/model.ubj,500,,944c7552e42ad4f7ecec5b1e54bf2f944916d9831d558cf97a12235c74ae39b2,4,,
1709472,XGBoost-UBJ,541,LOADABLE_FINITE_FORWARD,,/home/changliu/ExcitationNexus/12_Phase4_Multitask_OOD_Training/runs/gate2f1_multifidelity_delta_crossfit/acceptor_cold/fold2/ROLE_9/model.ubj,500,,8e8a73fdff88deea755737dbae7635034c3de92fb94dc7bcde7e0a7495bb47ac,4,,
1724307,XGBoost-UBJ,532,LOADABLE_FINITE_FORWARD,,/home/changliu/ExcitationNexus/12_Phase4_Multitask_OOD_Training/runs/gate2f1_multifidelity_delta_crossfit/acceptor_cold/fold3/C0/model.ubj,500,,35cf6eb4c98c7390bc1236da53074226b95b66a1fd27f2be5a9e139cc7fed849,4,,
1838030,XGBoost-UBJ,535,LOADABLE_FINITE_FORWARD,,/home/changliu/ExcitationNexus/12_Phase4_Multitask_OOD_Training/runs/gate2f1_multifidelity_delta_crossfit/acceptor_cold/fold3/DELTA_3/model.ubj,500,,a3937b0cb3052d8ff16e7e55e63516a02c12a2fa3fb3b7748ad15da472357f72,4,,
1877421,XGBoost-UBJ,538,LOADABLE_FINITE_FORWARD,,/home/changliu/ExcitationNexus/12_Phase4_Multitask_OOD_Training/runs/gate2f1_multifidelity_delta_crossfit/acceptor_cold/fold3/DELTA_6/model.ubj,500,,40c8b70b4b9d13e6dc356175dcca04911734e4b7fc00f7a397061a176c531e5f,4,,
1826671,XGBoost-UBJ,535,LOADABLE_FINITE_FORWARD,,/home/changliu/ExcitationNexus/12_Phase4_Multitask_OOD_Training/runs/gate2f1_multifidelity_delta_crossfit/acceptor_cold/fold3/DFT_3/model.ubj,500,,da57bd4de8ffdf1722faaabb1c9910458e1f43195d85034998b4ef5f06dc5d7c,4,,
1884157,XGBoost-UBJ,538,LOADABLE_FINITE_FORWARD,,/home/changliu/ExcitationNexus/12_Phase4_Multitask_OOD_Training/runs/gate2f1_multifidelity_delta_crossfit/acceptor_cold/fold3/PAIR_6/model.ubj,500,,bb1c5c3f4788547a9ba50a245cfa07be1cca83fe3340ec8a6f7a6b0a2765568d,4,,
1842384,XGBoost-UBJ,535,LOADABLE_FINITE_FORWARD,,/home/changliu/ExcitationNexus/12_Phase4_Multitask_OOD_Training/runs/gate2f1_multifidelity_delta_crossfit/acceptor_cold/fold3/PM6_3/model.ubj,500,,9d103b403499581491cb2dc018580026b80e6db87d59ff005e8418ee9a7bfc8b,4,,
1723754,XGBoost-UBJ,541,LOADABLE_FINITE_FORWARD,,/home/changliu/ExcitationNexus/12_Phase4_Multitask_OOD_Training/runs/gate2f1_multifidelity_delta_crossfit/acceptor_cold/fold3/ROLE_9/model.ubj,500,,9c5a4f677cbdbfabdbcdf6d4d369fcb63137a25c1ca059c5493a8910d60df411,4,,
1755867,XGBoost-UBJ,532,LOADABLE_FINITE_FORWARD,,/home/changliu/ExcitationNexus/12_Phase4_Multitask_OOD_Training/runs/gate2f1_multifidelity_delta_crossfit/acceptor_cold/fold4/C0/model.ubj,500,,6d2abf963b590a9956274713cdb197b579fa155f3289b7dfc498e1f2601e9950,4,,
1864592,XGBoost-UBJ,535,LOADABLE_FINITE_FORWARD,,/home/changliu/ExcitationNexus/12_Phase4_Multitask_OOD_Training/runs/gate2f1_multifidelity_delta_crossfit/acceptor_cold/fold4/DELTA_3/model.ubj,500,,b81f3f05cba4e3e040565c2a93e60150fd84c973b8228e13b4deffdad93c4c52,4,,
1892177,XGBoost-UBJ,538,LOADABLE_FINITE_FORWARD,,/home/changliu/ExcitationNexus/12_Phase4_Multitask_OOD_Training/runs/gate2f1_multifidelity_delta_crossfit/acceptor_cold/fold4/DELTA_6/model.ubj,500,,cdc1f61ab7b929dd4a6887e5cef9532abb2cb2fd432f01ba8d0e196166eed82a,4,,
1830558,XGBoost-UBJ,535,LOADABLE_FINITE_FORWARD,,/home/changliu/ExcitationNexus/12_Phase4_Multitask_OOD_Training/runs/gate2f1_multifidelity_delta_crossfit/acceptor_cold/fold4/DFT_3/model.ubj,500,,b2e47e004daef8e4a623a25d347d243dd93beb5e2037f2f695999fb800bcef8f,4,,
1882864,XGBoost-UBJ,538,LOADABLE_FINITE_FORWARD,,/home/changliu/ExcitationNexus/12_Phase4_Multitask_OOD_Training/runs/gate2f1_multifidelity_delta_crossfit/acceptor_cold/fold4/PAIR_6/model.ubj,500,,cf8d723a103685a16f911ab5a360a77d8fec019204a2f66f4e2565ec3e3e6d9b,4,,
1844567,XGBoost-UBJ,535,LOADABLE_FINITE_FORWARD,,/home/changliu/ExcitationNexus/12_Phase4_Multitask_OOD_Training/runs/gate2f1_multifidelity_delta_crossfit/acceptor_cold/fold4/PM6_3/model.ubj,500,,256b294e474aaff2c05871a89b8c39e54e1594a5c8ca71ecab20d2dbc4396d28,4,,
1752750,XGBoost-UBJ,541,LOADABLE_FINITE_FORWARD,,/home/changliu/ExcitationNexus/12_Phase4_Multitask_OOD_Training/runs/gate2f1_multifidelity_delta_crossfit/acceptor_cold/fold4/ROLE_9/model.ubj,500,,ad26c4fe298890016cbc85ff51173f20527e260e6145e1ab2d44891487a93250,4,,
1801924,XGBoost-UBJ,532,LOADABLE_FINITE_FORWARD,,/home/changliu/ExcitationNexus/12_Phase4_Multitask_OOD_Training/runs/gate2f1_multifidelity_delta_crossfit/iid/fold0/C0/model.ubj,500,,d9dc09266f9453e331b324385beb69bab5426932d224b7ff875c217b4e6cafd6,4,,
1854656,XGBoost-UBJ,535,LOADABLE_FINITE_FORWARD,,/home/changliu/ExcitationNexus/12_Phase4_Multitask_OOD_Training/runs/gate2f1_multifidelity_delta_crossfit/iid/fold0/DELTA_3/model.ubj,500,,046fb76c6e7d6e5cc5f26bd479bf32ea918cd89d755d9264113ac10a796077f5,4,,
1849122,XGBoost-UBJ,538,LOADABLE_FINITE_FORWARD,,/home/changliu/ExcitationNexus/12_Phase4_Multitask_OOD_Training/runs/gate2f1_multifidelity_delta_crossfit/iid/fold0/DELTA_6/model.ubj,500,,5435c85002107d256e9e12f5651e09b3fa36da13c882447bdd6b83347597c20c,4,,
1877225,XGBoost-UBJ,535,LOADABLE_FINITE_FORWARD,,/home/changliu/ExcitationNexus/12_Phase4_Multitask_OOD_Training/runs/gate2f1_multifidelity_delta_crossfit/iid/fold0/DFT_3/model.ubj,500,,19cfcab86383136305cf09e8d617ec53e783d5ef13622347a020164607e8f65e,4,,
1900158,XGBoost-UBJ,538,LOADABLE_FINITE_FORWARD,,/home/changliu/ExcitationNexus/12_Phase4_Multitask_OOD_Training/runs/gate2f1_multifidelity_delta_crossfit/iid/fold0/PAIR_6/model.ubj,500,,1047b82b941328749c630d783030e366ab8979a979cc67a75ce1ff7da6bcdd66,4,,
1828649,XGBoost-UBJ,535,LOADABLE_FINITE_FORWARD,,/home/changliu/ExcitationNexus/12_Phase4_Multitask_OOD_Training/runs/gate2f1_multifidelity_delta_crossfit/iid/fold0/PM6_3/model.ubj,500,,b372a59aada373c21c5649f924684ab3daa7248d7613f25167597b0ebb992f0e,4,,
1769002,XGBoost-UBJ,541,LOADABLE_FINITE_FORWARD,,/home/changliu/ExcitationNexus/12_Phase4_Multitask_OOD_Training/runs/gate2f1_multifidelity_delta_crossfit/iid/fold0/ROLE_9/model.ubj,500,,428c9cfa02c2f6465645ab66394d17d48a5f1c00bbba26b32573bff5e4ef2e60,4,,
1785653,XGBoost-UBJ,532,LOADABLE_FINITE_FORWARD,,/home/changliu/ExcitationNexus/12_Phase4_Multitask_OOD_Training/runs/gate2f1_multifidelity_delta_crossfit/iid/fold1/C0/model.ubj,500,,516c47d65d659588daa61bfac33d0f18ac741afa22e7650b5bf3ceddaeeec828,4,,
1869604,XGBoost-UBJ,535,LOADABLE_FINITE_FORWARD,,/home/changliu/ExcitationNexus/12_Phase4_Multitask_OOD_Training/runs/gate2f1_multifidelity_delta_crossfit/iid/fold1/DELTA_3/model.ubj,500,,207537daf6af7efb93fe1c3cda5eb1481db425066de3c4df654567db8ef972e6,4,,
1872289,XGBoost-UBJ,538,LOADABLE_FINITE_FORWARD,,/home/changliu/ExcitationNexus/12_Phase4_Multitask_OOD_Training/runs/gate2f1_multifidelity_delta_crossfit/iid/fold1/DELTA_6/model.ubj,500,,adeb0ab4036a7e20814b6cdbc005675720b9736d27440791865bd6e989ad6b99,4,,
1829597,XGBoost-UBJ,535,LOADABLE_FINITE_FORWARD,,/home/changliu/ExcitationNexus/12_Phase4_Multitask_OOD_Training/runs/gate2f1_multifidelity_delta_crossfit/iid/fold1/DFT_3/model.ubj,500,,e87788af3a5f064ba4203a7cdb1d313d54b03fed7000ab8478dfcc2aea036a68,4,,
1856204,XGBoost-UBJ,538,LOADABLE_FINITE_FORWARD,,/home/changliu/ExcitationNexus/12_Phase4_Multitask_OOD_Training/runs/gate2f1_multifidelity_delta_crossfit/iid/fold1/PAIR_6/model.ubj,500,,b138300434e2dcb6b462830e15d3de25ab2e1beb9d0415c22117fd6813533dac,4,,
1854439,XGBoost-UBJ,535,LOADABLE_FINITE_FORWARD,,/home/changliu/ExcitationNexus/12_Phase4_Multitask_OOD_Training/runs/gate2f1_multifidelity_delta_crossfit/iid/fold1/PM6_3/model.ubj,500,,bf0b4daed867222516f4a419d029dbaea5f9c1d89de9177fa668cbb34fa5f442,4,,
1747430,XGBoost-UBJ,541,LOADABLE_FINITE_FORWARD,,/home/changliu/ExcitationNexus/12_Phase4_Multitask_OOD_Training/runs/gate2f1_multifidelity_delta_crossfit/iid/fold1/ROLE_9/model.ubj,500,,07e7c12f575655f49e1e3e29a893b448f43c2add9638201f29fbbd5809bd2ec9,4,,
1746340,XGBoost-UBJ,532,LOADABLE_FINITE_FORWARD,,/home/changliu/ExcitationNexus/12_Phase4_Multitask_OOD_Training/runs/gate2f1_multifidelity_delta_crossfit/iid/fold2/C0/model.ubj,500,,8b26d37006cc85a5c143d434114efb8162417aadc5293235cb2f5576f7d7ab04,4,,
1822610,XGBoost-UBJ,535,LOADABLE_FINITE_FORWARD,,/home/changliu/ExcitationNexus/12_Phase4_Multitask_OOD_Training/runs/gate2f1_multifidelity_delta_crossfit/iid/fold2/DELTA_3/model.ubj,500,,1668733feebf7369816001e29d4a3d55b324c8958824f98ecbf09abb3ee5db02,4,,
1856833,XGBoost-UBJ,538,LOADABLE_FINITE_FORWARD,,/home/changliu/ExcitationNexus/12_Phase4_Multitask_OOD_Training/runs/gate2f1_multifidelity_delta_crossfit/iid/fold2/DELTA_6/model.ubj,500,,0db39e92dead9bd8ea722d2e6c129da38570dd6f234e737222be4be11f2999b1,4,,
1819214,XGBoost-UBJ,535,LOADABLE_FINITE_FORWARD,,/home/changliu/ExcitationNexus/12_Phase4_Multitask_OOD_Training/runs/gate2f1_multifidelity_delta_crossfit/iid/fold2/DFT_3/model.ubj,500,,c0cb64e85a8492ed628980c52f04e783817aedac24d2feedef632be60317b7ae,4,,
1886962,XGBoost-UBJ,538,LOADABLE_FINITE_FORWARD,,/home/changliu/ExcitationNexus/12_Phase4_Multitask_OOD_Training/runs/gate2f1_multifidelity_delta_crossfit/iid/fold2/PAIR_6/model.ubj,500,,6d34d190e7c0c2f428137fb73861a77e29497ab87dc87b6a8a2379ff4150a628,4,,
1847306,XGBoost-UBJ,535,LOADABLE_FINITE_FORWARD,,/home/changliu/ExcitationNexus/12_Phase4_Multitask_OOD_Training/runs/gate2f1_multifidelity_delta_crossfit/iid/fold2/PM6_3/model.ubj,500,,7ba5590a8ea627e9acf7929237c55ad92db13986fe7850f93f3cd3a542c76533,4,,
1752879,XGBoost-UBJ,541,LOADABLE_FINITE_FORWARD,,/home/changliu/ExcitationNexus/12_Phase4_Multitask_OOD_Training/runs/gate2f1_multifidelity_delta_crossfit/iid/fold2/ROLE_9/model.ubj,500,,66a6264f6b49e11c26c5487beff0e51554470b6c26851941f924c3dc6104d6e4,4,,
1798932,XGBoost-UBJ,532,LOADABLE_FINITE_FORWARD,,/home/changliu/ExcitationNexus/12_Phase4_Multitask_OOD_Training/runs/gate2f1_multifidelity_delta_crossfit/iid/fold3/C0/model.ubj,500,,73f2e59d4a5f339a85f55b695a98d3a6cc3a12fe4116cbc8b349023392cd38f7,4,,
1845447,XGBoost-UBJ,535,LOADABLE_FINITE_FORWARD,,/home/changliu/ExcitationNexus/12_Phase4_Multitask_OOD_Training/runs/gate2f1_multifidelity_delta_crossfit/iid/fold3/DELTA_3/model.ubj,500,,7480b0a1b82d4e43746b594fbebbb8ab1ff4f9ef7797bf21c253639acc6d39a4,4,,
1864581,XGBoost-UBJ,538,LOADABLE_FINITE_FORWARD,,/home/changliu/ExcitationNexus/12_Phase4_Multitask_OOD_Training/runs/gate2f1_multifidelity_delta_crossfit/iid/fold3/DELTA_6/model.ubj,500,,81e0465e6595b8463eb1b3f207c52d52e3eaa89ac312faaf8ccee7e1a476a36c,4,,
1860494,XGBoost-UBJ,535,LOADABLE_FINITE_FORWARD,,/home/changliu/ExcitationNexus/12_Phase4_Multitask_OOD_Training/runs/gate2f1_multifidelity_delta_crossfit/iid/fold3/DFT_3/model.ubj,500,,0c2c7f088496bbcc009e29428f99dd93b2f35ef5ad13020f8be77cca4d02ce06,4,,
1892529,XGBoost-UBJ,538,LOADABLE_FINITE_FORWARD,,/home/changliu/ExcitationNexus/12_Phase4_Multitask_OOD_Training/runs/gate2f1_multifidelity_delta_crossfit/iid/fold3/PAIR_6/model.ubj,500,,bf5914a6443a314af2c32e17779dbcb73f60f739f66caed216af7b232228bf25,4,,
1876735,XGBoost-UBJ,535,LOADABLE_FINITE_FORWARD,,/home/changliu/ExcitationNexus/12_Phase4_Multitask_OOD_Training/runs/gate2f1_multifidelity_delta_crossfit/iid/fold3/PM6_3/model.ubj,500,,3c725235f72281c8c28bdb19a5b814c6f2626700c1c1aef01d7338e453fee22f,4,,
1760898,XGBoost-UBJ,541,LOADABLE_FINITE_FORWARD,,/home/changliu/ExcitationNexus/12_Phase4_Multitask_OOD_Training/runs/gate2f1_multifidelity_delta_crossfit/iid/fold3/ROLE_9/model.ubj,500,,7a205a3114b0d1c34d1b8df5e5b3760ec649d4135dc2412192e6a771aec36e26,4,,
1840135,XGBoost-UBJ,532,LOADABLE_FINITE_FORWARD,,/home/changliu/ExcitationNexus/12_Phase4_Multitask_OOD_Training/runs/gate2f1_multifidelity_delta_crossfit/iid/fold4/C0/model.ubj,500,,77254906084f36ff64f3940746fb8afd03c1e870c5e24ef7c0696742393eeb1b,4,,
1881017,XGBoost-UBJ,535,LOADABLE_FINITE_FORWARD,,/home/changliu/ExcitationNexus/12_Phase4_Multitask_OOD_Training/runs/gate2f1_multifidelity_delta_crossfit/iid/fold4/DELTA_3/model.ubj,500,,8e50ec4cfd2f55988fbe5486a150ef6e3a256cd8a67a3ebb9f78556f409886cc,4,,
1911576,XGBoost-UBJ,538,LOADABLE_FINITE_FORWARD,,/home/changliu/ExcitationNexus/12_Phase4_Multitask_OOD_Training/runs/gate2f1_multifidelity_delta_crossfit/iid/fold4/DELTA_6/model.ubj,500,,482e530d7a1d7a170b33cf389c290bad8917d7f106ced3000965fcfbf73071f5,4,,
1868569,XGBoost-UBJ,535,LOADABLE_FINITE_FORWARD,,/home/changliu/ExcitationNexus/12_Phase4_Multitask_OOD_Training/runs/gate2f1_multifidelity_delta_crossfit/iid/fold4/DFT_3/model.ubj,500,,e280311f35f277b5adb7ac1034470ad5a6c7525698e5dfd1e73ebcdffb7d1c17,4,,
1900470,XGBoost-UBJ,538,LOADABLE_FINITE_FORWARD,,/home/changliu/ExcitationNexus/12_Phase4_Multitask_OOD_Training/runs/gate2f1_multifidelity_delta_crossfit/iid/fold4/PAIR_6/model.ubj,500,,74411c609fc6b31b6971a86baa5253dd13a07709ade2aed9c813bf9c53f81639,4,,
1885238,XGBoost-UBJ,535,LOADABLE_FINITE_FORWARD,,/home/changliu/ExcitationNexus/12_Phase4_Multitask_OOD_Training/runs/gate2f1_multifidelity_delta_crossfit/iid/fold4/PM6_3/model.ubj,500,,89d3758fdd138de5a18f1c1b5672086ba7641d95a5a5f6ccc6e9055680ff9eb6,4,,
1796874,XGBoost-UBJ,541,LOADABLE_FINITE_FORWARD,,/home/changliu/ExcitationNexus/12_Phase4_Multitask_OOD_Training/runs/gate2f1_multifidelity_delta_crossfit/iid/fold4/ROLE_9/model.ubj,500,,bce942b9f2c3453deab9a916b851e08c6bbef7d8d8eb462d22ef00812158c0f7,4,,
